"Fon Kodu","Fon Adı","İlk Portföy Büyüklüğü","Son Portföy Büyüklüğü","Portföy Büyüklüğü Değişimi (%)","Tedavüldeki İlk Pay Adedi","Tedavüldeki Son Pay Adedi","Pay Adedi Değişimi (%)","Net Getiri Oranı (%)"
"AB1","AKFEN GAYRİMENKUL VE GİRİŞİM SERMAYESİ PORTFÖY YÖNETİMİ A.Ş. BİRİNCİ GAYRİMENKUL YATIRIM FONU","2.723.264.079,47","2.782.365.092,92","2,17","173.821.594,00","173.821.594,00","0,00","2,17"
"AB2","ALLBATROSS PORTFÖY YÖNETİMİ A.Ş. İKİNCİ GAYRİMENKUL YATIRIM FONU","0,00","0,00","0,00","0,00","0,00","0,00","0,00"
"ABZ","ALBARAKA PORTFÖY YÖNETİMİ A.Ş. DOKUZUNCU KARMA GAYRİMENKUL YATIRIM FONU","1.640.066.781,42","1.638.591.087,74","-0,09","248.003,00","248.003,00","0,00","-0,09"
"AG5","ALBARAKA PORTFÖY YÖNETİMİ A.Ş. DÜKKAN GAYRIMENKUL YATIRIM FONU","2.474.335.259,80","2.709.581.467,43","9,51","295.014,00","295.014,00","0,00","9,51"
"AG6","ALBARAKA PORTFÖY YÖNETİMİ A.Ş. SEKİZİNCİ KARMA GAYRİMENKUL YATIRIM FONU","40.528.362,40","40.452.038,02","-0,19","9.750,00","9.750,00","0,00","-0,19"
"AG7","ALBARAKA PORTFÖY YÖNETİMİ A.Ş. METROPOL GAYRİMENKUL YATIRIM FONU","1.765.174.855,15","1.910.253.964,89","8,22","97.940,00","97.940,00","0,00","8,22"
"AG8","ALBARAKA  PORTFÖY YÖNETİMİ A.Ş. DÖRDÜNCÜ KARMA GAYRİMENKUL YATIRIM FONU","364.188.520,15","364.495.775,66","0,08","16.599,00","16.599,00","0,00","0,08"
"AHR","ALBARAKA PORTFÖY YÖNETİMİ A.Ş. ONUNCU KARMA GAYRİMENKUL YATIRIM FONU","72.006.618,61","70.876.639,41","-1,57","7.187,00","7.187,00","0,00","-1,57"
"AR7","ARZ GAYRİMENKUL VE GİRİŞİM SERMAYESİ PORTFÖY YÖNETİMİ A.Ş. YEDİNCİ GAYRİMENKUL YATIRIM FONU","0,00","0,00","0,00","0,00","0,00","0,00","0,00"
"AR9","ARZ GAYRİMENKUL VE GİRİŞİM SERMAYESİ PORTFÖY YÖNETİMİ A.Ş.SEKİZİNCİ GAYRİMENKUL YATIRIM FONU","548.455.807,39","565.219.741,61","3,06","395.044.766,00","407.826.576,00","3,24","-0,17"
"AZ1","ARZ GAYRİMENKUL VE GİRİŞİM SERMAYESİ PORTFÖY YÖNETİMİ A.Ş. BİRİNCİ GAYRİMENKUL YATIRIM FONU","1.789.867.216,51","1.795.727.501,44","0,33","99.904.380,59","99.904.380,59","0,00","0,33"
"AZ2","ARZ GAYRİMENKUL VE GİRİŞİM SERMAYESİ PORTFÖY YÖNETİMİ A.Ş. İKİNCİ GAYRİMENKUL YATIRIM FONU","2.348.240.952,34","2.366.371.216,81","0,77","110.262.355,37","110.262.355,37","0,00","0,77"
"AZ3","ARZ GAYRİMENKUL VE GİRİŞİM SERMAYESİ PORTFÖY YÖNETİMİ A.Ş. ÜÇÜNCÜ GAYRİMENKUL YATIRIM FONU","71.833.022,97","71.726.287,66","-0,15","11.331.690,89","11.331.690,89","0,00","-0,15"
"AZ6","ARZ GAYRİMENKUL VE GİRİŞİM SERMAYESİ PORTFÖY YÖNETİMİ A.Ş. DÖRDÜNCÜ GAYRİMENKUL YATIRIM FONU","456.204.943,31","460.503.439,23","0,94","73.524.371,00","73.524.371,00","0,00","0,94"
"AZ7","ARZ GAYRİMENKUL VE GİRİŞİM SERMAYESİ PORTFÖY YÖNETİMİ A.Ş. BEŞİNCİ GAYRİMENKUL YATIRIM FONU","223.982.474,76","223.872.295,33","-0,05","14.425.640,00","14.425.640,00","0,00","-0,05"
"BCI","PARDUS PORTFÖY YÖNETİMİ A.Ş. BİRİNCİ GAYRİMENKUL YATIRIM FONU","0,00","0,00","0,00","0,00","0,00","0,00","0,00"
"BES","DENİZ PORTFÖY YÖNETİMİ A.Ş. BEŞİNCİ GAYRİMENKUL YATIRIM FONU","0,00","0,00","0,00","0,00","0,00","0,00","0,00"
"BGY","AK PORTFÖY YÖNETİMİ A.Ş. BİRİNCİ GAYRİMENKUL YATIRIM FONU","1.455.484.900,51","1.462.257.878,15","0,47","130.058.806,00","130.058.806,00","0,00","0,47"
"BKA","ALBARAKA PORTFÖY YÖNETİMİ A.Ş. ANKA GAYRİMENKUL YATIRIM FONU","331.789.849,36","202.680.925,17","-38,91","30.456,00","30.456,00","0,00","-38,91"
"BLM","ATLAS PORTFÖY YÖNETİMİ A.Ş. BALMUMCU PROJE GAYRİMENKUL YATIRIM FONU","0,00","0,00","0,00","0,00","0,00","0,00","0,00"
"BNE","ATLAS PORTFÖY YÖNETİMİ A.Ş. BENESTA PROJE GAYRİMENKUL YATIRIM FONU","0,00","0,00","0,00","0,00","0,00","0,00","0,00"
"BRE","ATLAS PORTFÖY YÖNETİMİ A.Ş. POLAT BİRİNCİ PROJE GAYRİMENKUL YATIRIM FONU","477.110,56","690.039,75","44,63","635.931,00","635.931,00","0,00","44,63"
"CGY","İŞ PORTFÖY YÖNETİMİ A.Ş. ÇANAKKALE GAYRİMENKUL YATIRIM FONU","0,00","0,00","0,00","0,00","0,00","0,00","0,00"
"DDO","DENİZ PORTFÖY YÖNETİMİ A.Ş. DÖRDÜNCÜ GAYRİMENKUL YATIRIM FONU","0,00","0,00","0,00","0,00","0,00","0,00","0,00"
"DGG","ARGEUS GAYRİMENKUL VE GİRİŞİM SERMAYESİ PORTFÖY YÖNETİMİ A.Ş. DOKUZUNCU GAYRİMENKUL YATIRIM FONU","0,00","0,00","0,00","0,00","0,00","0,00","0,00"
"DIG","DENİZ PORTFÖY YÖNETİMİ A.Ş. İKİNCİ GAYRİMENKUL YATIRIM FONU","0,00","4.061.360,75","0,00","0,00","4.000,00","0,00","0,00"
"DKG","DENİZ PORTFÖY YÖNETİMİ A.Ş. BİRİNCİ KATILIM GAYRİMENKUL YATIRIM FONU","0,00","0,00","0,00","0,00","0,00","0,00","0,00"
"DLT","DENİZ PORTFÖY YÖNETİMİ A.Ş. ALTINCI GAYRİMENKUL YATIRIM FONU","0,00","0,00","0,00","0,00","0,00","0,00","0,00"
"DUG","DENİZ PORTFÖY YÖNETİMİ A.Ş. ÜÇÜNCÜ GAYRİMENKUL YATIRIM FONU","0,00","0,00","0,00","0,00","0,00","0,00","0,00"
"ERP","QİNVEST PORTFÖY YÖNETİMİ A.Ş. RE PİE GAYRİMENKUL YATIRIM FONU","253.053.705,99","253.139.438,56","0,03","39.775,00","39.775,00","0,00","0,03"
"ERS","ARGEUS GAYRİMENKUL VE GİRİŞİM SERMAYESİ PORTFÖY YÖNETİMİ A.Ş. BEŞİNCİ GAYRİMENKUL YATIRIM FONU","316.532.234,47","316.863.620,82","0,10","16.268,00","16.268,00","0,00","0,10"
"FCN","FONEVA PORTFÖY YÖNETİMİ A.Ş. ÜÇÜNCÜ GAYRİMENKUL YATIRIM FONU","0,00","0,00","0,00","0,00","0,00","0,00","0,00"
"FDR","FONEVA PORTFÖY YÖNETİMİ A.Ş. DÖRDÜNCÜ GAYRİMENKUL YATIRIM FONU","0,00","0,00","0,00","0,00","0,00","0,00","0,00"
"FGY","FONERİA PORTFÖY YÖNETİMİ A.Ş. BEŞİNCİ GAYRİMENKUL YATIRIM FONU","0,00","0,00","0,00","0,00","0,00","0,00","0,00"
"FNI","FONEVA PORTFÖY YÖNETİMİ A.Ş. İKİNCİ GAYRİMENKUL YATIRIM FONU","576.528.188,82","561.884.030,87","-2,54","204.000,00","204.000,00","0,00","-2,54"
"FNR","FONMAP PORTFÖY YÖNETİMİ A.Ş. BİRİNCİ GAYRİMENKUL YATIRIM FONU","185.137.837,93","178.280.558,48","-3,70","69.351,00","69.351,00","0,00","-3,70"
"FP2","FİBA PORTFÖY YÖNETİMİ A.Ş. İKİNCİ GAYRİMENKUL YATIRIM FONU","0,00","0,00","0,00","0,00","0,00","0,00","0,00"
"FPC","FİBA PORTFÖY YÖNETİMİ A.Ş. BİRİNCİ GAYRİMENKUL YATIRIM FONU","0,00","0,00","0,00","0,00","0,00","0,00","0,00"
"FRG","RE-PIE PORTFÖY YÖNETİMİ A.Ş. FIRSAT GAYRİMENKUL YATIRIM FONU","167.466.452,19","172.519.930,68","3,02","28.900,54","28.908,54","0,03","2,99"
"FT1","FT GAYRİMENKUL VE GİRİŞİM SERMAYESİ PORTFÖY YÖNETİMİ A.Ş. BİRİNCİ PROJE GAYRİMENKUL YATIRIM FONU","132.269.745,11","136.989.794,00","3,57","90.978.678,00","90.978.678,00","0,00","3,57"
"FT2","FT GAYRİMENKUL VE GİRİŞİM SERMAYESİ PORTFÖY YÖNETİMİ A.Ş. İKİNCİ KATILIM GAYRİMENKUL YATIRIM FONU","68.979.118,10","67.179.954,64","-2,61","29.113.124,00","29.113.124,00","0,00","-2,61"
"GF1","FONERİA PORTFÖY YÖNETİMİ A.Ş. BİRİNCİ GAYRİMENKUL YATIRIM FONU","1.256.424.868,80","1.259.180.852,00","0,22","3.551.146.568,00","3.551.146.568,00","0,00","0,22"
"GF2","FONERİA PORTFÖY YÖNETİMİ A.Ş. İKİNCİ GAYRİMENKUL YATIRIM FONU","65.615.663,53","104.169.462,23","58,76","9.528.318.391,00","15.106.245.291,00","58,54","0,15"
"GF3","FONERİA PORTFÖY YÖNETİMİ A.Ş. ÜÇÜNCÜ GAYRİMENKUL YATIRIM FONU","101.201,59","80.566,87","-20,39","250.000,00","250.000,00","0,00","-20,39"
"GF4","FONERİA PORTFÖY YÖNETİMİ A.Ş. DÖRDÜNCÜ GAYRİMENKUL YATIRIM FONU","0,00","0,00","0,00","0,00","0,00","0,00","0,00"
"GGF","ALBARAKA PORTFÖY YÖNETİMİ A.Ş. YEDİNCİ KARMA GAYRİMENKUL YATIRIM FONU","418.744.969,10","421.081.615,89","0,56","286.951,00","286.951,00","0,00","0,56"
"GJS","ATLAS PORTFÖY YÖNETİMİ A.Ş. SAĞLAM GAYRİMENKUL YATIRIM FONU","356.295.283,14","346.498.573,99","-2,75","22.447,00","21.843,00","-2,69","-0,06"
"GKR","ATLAS PORTFÖY YÖNETİMİ A.Ş. GÖKTÜRK-2 GAYRİMENKUL YATIRIM FONU","0,00","0,00","0,00","0,00","0,00","0,00","0,00"
"GNE","ALLBATROSS PORTFÖY YÖNETİMİ A.Ş. BİRİNCİ GAYRİMENKUL YATIRIM FONU","47.641.449,23","51.499.384,28","8,10","33.024.184,00","33.024.184,00","0,00","8,10"
"GTR","ATLAS PORTFÖY YÖNETİMİ A.Ş. GÖKTÜRK-3 PROJE GAYRİMENKUL YATIRIM FONU","0,00","0,00","0,00","0,00","0,00","0,00","0,00"
"GUG","ATLAS PORTFÖY YÖNETİMİ A.Ş.GÜNEY GAYRİMENKUL YATIRIM FONU","28.522.414,31","28.347.020,69","-0,61","3.412,00","3.412,00","0,00","-0,61"
"GYU","ARGEUS GAYRİMENKUL VE GİRİŞİM SERMAYESİ PORTFÖY YÖNETİMİ A.Ş. ALTINCI GAYRİMENKUL YATIRIM FONU","0,00","0,00","0,00","0,00","0,00","0,00","0,00"
"HDU","HEDEF PORTFÖY YÖNETİMİ A.Ş. ÜÇÜNCÜ PROJE GAYRİMENKUL YATIRIM FONU","124.676.466,37","124.677.741,65","0,00","86.508.523,00","86.508.523,00","0,00","0,00"
"HMA","HEDEF PORTFÖY YÖNETİMİ A.Ş. BİRİNCİ MASTERTÜRK GAYRİMENKUL YATIRIM FONU","0,00","0,00","0,00","0,00","0,00","0,00","0,00"
"HMP","HEDEF PORTFÖY YÖNETİMİ A.Ş. MASTERTÜRK PROJE GAYRİMENKUL YATIRIM FONU","0,00","0,00","0,00","0,00","0,00","0,00","0,00"
"HP1","HEDEF PORTFÖY YÖNETİMİ A.Ş. BİRİNCİ GAYRİMENKUL YATIRIM FONU","158.563.525,08","158.600.707,17","0,02","73.685.660,00","73.848.457,00","0,22","-0,20"
"HP2","HEDEF PORTFÖY YÖNETİMİ A.Ş. İKİNCİ GAYRİMENKUL YATIRIM FONU","1.056.816.739,74","1.063.664.727,81","0,65","290.672.640,00","290.672.640,00","0,00","0,65"
"HP4","HEDEF PORTFÖY YÖNETİMİ A.Ş. DÖRDÜNCÜ GAYRİMENKUL YATIRIM FONU","1.078.014,05","1.097.688,05","1,83","1.000.000,00","1.000.000,00","0,00","1,83"
"HP5","HEDEF PORTFÖY YÖNETİMİ A.Ş. BEŞİNCİ GAYRİMENKUL YATIRIM FONU","1.060.952,18","1.080.394,68","1,83","1.000.000,00","1.000.000,00","0,00","1,83"
"HRE","HEDEF PORTFÖY YÖNETİMİ A.Ş. BİRİNCİ PROJE GAYRİMENKUL YATIRIM FONU","2.007.091.809,94","2.064.304.230,80","2,85","1.972.627.727,00","1.972.627.727,00","0,00","2,85"
"HVG","HAN VARLIK GAYRİMENKUL VE GİRİŞİM SERMAYESİ PORTFÖY YÖNETİMİ A.Ş. BİRİNCİ GAYRİMENKUL YATIRIM FONU","0,00","15.090.583,18","0,00","0,00","15.000.000,00","0,00","0,00"
"IDG","AK PORTFÖY YÖNETİMİ A.Ş. DÖRDÜNCÜ GAYRİMENKUL YATIRIM FONU","5.217.763.359,82","5.261.000.708,37","0,83","1.097.692.477,00","1.097.692.477,00","0,00","0,83"
"IGJ","AZİMUT PORTFÖY YÖNETİMİ A.Ş. İKİNCİ GAYRİMENKUL YATIRIM FONU","0,00","911.750.722,20","0,00","0,00","904.285,00","0,00","0,00"
"IIG","İŞ PORTFÖY YÖNETİMİ A.Ş. İKİNCİ GAYRİMENKUL YATIRIM FONU","2.485.025.424,70","2.628.713.456,37","5,78","423.364.599,00","423.364.599,00","0,00","5,78"
"IIY","İŞ PORTFÖY YÖNETİMİ A.Ş. BEŞİNCİ  GAYRİMENKUL YATIRIM FONU","1.812.974.168,05","1.883.769.947,92","3,90","633.560.000,00","633.560.000,00","0,00","3,90"
"IKG","AK PORTFÖY YÖNETİMİ A.Ş.İKİNCİ GAYRİMENKUL YATIRIM FONU","229.472.335,95","232.452.044,43","1,30","47.079.812,00","47.079.812,00","0,00","1,30"
"ILN","İŞ PORTFÖY YÖNETİMİ A.Ş. FOLKART BİRİNCİ GAYRİMENKUL YATIRIM FONU","448.593.453,65","446.635.640,79","-0,44","282.576.681,00","282.576.681,00","0,00","-0,44"
"IN9","INVEO PORTFÖY YÖNETİMİ A.Ş. NEFES EGE GAYRİMENKUL YATIRIM FONU","17.879.156,75","17.828.941,06","-0,28","1.066.693,00","1.066.693,00","0,00","-0,28"
"IRG","İŞ PORTFÖY YÖNETİMİ A.Ş. DÖRDÜNCÜ GAYRİMENKUL YATIRIM FONU","422.125.745,47","414.294.672,35","-1,86","175.276.623,00","175.276.623,00","0,00","-1,86"
"IRJ","INVEO PORTFÖY YÖNETİMİ A.Ş. BİRİNCİ PROJE GAYRİMENKUL YATIRIM FONU","0,00","0,00","0,00","0,00","0,00","0,00","0,00"
"ISZ","İŞ PORTFÖY YÖNETİMİ A.Ş. BİRİNCİ GAYRİMENKUL YATIRIM FONU","4.568.657.653,55","4.618.742.295,14","1,10","443.549.759,00","443.549.759,00","0,00","1,10"
"ITG","İŞ PORTFÖY YÖNETİMİ A.Ş. QUASAR İSTANBUL TİCARİ GAYRİMENKUL YATIRIM FONU","2.220.298.225,22","2.225.512.184,30","0,23","441.482.336,00","441.482.336,00","0,00","0,23"
"IUL","AZİMUT PORTFÖY YÖNETİMİ A.Ş. İNAN 3 ÖZEL GAYRİMENKUL YATIRIM FONU","299.688.391,89","305.377.078,88","1,90","282.222,00","288.613,00","2,26","-0,36"
"IVB","INVEO PORTFÖY YÖNETİMİ A.Ş. BİRİNCİ SANAYİ GAYRİMENKUL YATIRIM FONU","287.181.479,09","284.889.804,93","-0,80","68.022.200,00","68.022.200,00","0,00","-0,80"
"IY1","İSRA GAYRİMENKUL VE GİRİŞİM SERMAYESİ PORTFÖY YÖNETİMİ A.Ş BİRİNCİ GAYRİMENKUL YATIRIM FONU","99.460,72","97.863,02","-1,61","100,00","100,00","0,00","-1,61"
"IY2","İSRA GAYRİMENKUL VE GİRİŞİM SERMAYESİ PORTFÖY YÖNETİMİ A.Ş İKİNCİ GAYRİMENKUL YATIRIM FONU","0,00","0,00","0,00","0,00","0,00","0,00","0,00"
"KBN","KUVEYT TÜRK PORTFÖY YÖNETİMİ A.Ş. BİRİNCİ KARMA GAYRİMENKUL YATIRIM FONU","0,00","0,00","0,00","0,00","0,00","0,00","0,00"
"KCI","PARDUS PORTFÖY YÖNETİMİ A.Ş. İKİNCİ GAYRİMENKUL YATIRIM FONU","0,00","0,00","0,00","0,00","0,00","0,00","0,00"
"KGB","KIZILAY GAYRİMENKUL VE GİRİŞİM SERMAYESİ PORTFÖY YÖNETİMİ A.Ş. BİRİNCİ GAYRİMENKUL YATIRIM FONU","1.176.945.941,87","1.179.525.586,69","0,22","79.504.850,00","79.504.850,00","0,00","0,22"
"KGG","KIZILAY GAYRİMENKUL VE GİRİŞİM SERMAYESİ PORTFÖY YÖNETİMİ A.Ş. İKİNCİ GAYRİMENKUL YATIRIM FONU","690.522.661,74","691.723.548,37","0,17","31.138.359,00","31.138.359,00","0,00","0,17"
"KKR","KUVEYT TÜRK PORTFÖY YÖNETİMİ A.Ş. İKİNCİ KARMA GAYRİMENKUL YATIRIM FONU","0,00","0,00","0,00","0,00","0,00","0,00","0,00"
"KL1","KALENDER GAYRİMENKUL PORTFÖY YÖNETİMİ A.Ş. TRAKYA GAYRİMENKUL YATIRIM FONU","0,00","0,00","0,00","0,00","0,00","0,00","0,00"
"KL2","KALENDER GAYRİMENKUL PORTFÖY YÖNETİMİ A.Ş. KONUTFON GAYRİMENKUL YATIRIM FONU","0,00","0,00","0,00","0,00","0,00","0,00","0,00"
"KUE","AURA PORTFÖY YÖNETİMİ A.Ş. KUZEY EGE GAYRİMENKUL YATIRIM FONU","29.426.808,46","28.976.836,62","-1,53","10.058.783,00","10.058.783,00","0,00","-1,53"
"MAH","ATLAS PORTFÖY YÖNETİMİ A.Ş. MAHMUTBEY PROJE GAYRİMENKUL YATIRIM FONU","0,00","0,00","0,00","0,00","0,00","0,00","0,00"
"MGA","AKTİF PORTFÖY YÖNETİMİ A.Ş. BİRİNCİ GAYRİMENKUL YATIRIM FONU","2.803.757.883,95","2.567.197.468,46","-8,44","154.790.000,00","154.790.000,00","0,00","-8,44"
"MMG","MAQASİD GAYRİMENKUL VE GİRİŞİM SERMAYESİ PORTFÖY YÖNETİMİ A.Ş. MEYDAN GAYRİMENKUL YATIRIM FONU","20.611.791,82","20.544.214,55","-0,33","11.575.808,00","11.575.808,00","0,00","-0,33"
"MPG","AKTİF PORTFÖY YÖNETİMİ A.Ş. İKİNCİ GAYRİMENKUL YATIRIM (TL) FONU","3.975.390.662,09","3.863.342.713,39","-2,82","956.800,00","956.800,00","0,00","-2,82"
"MUG","AKTİF PORTFÖY YÖNETİMİ A.Ş. ÜÇÜNCÜ GAYRİMENKUL YATIRIM FONU","0,00","0,00","0,00","0,00","0,00","0,00","0,00"
"NAG","NEO PORTFÖY YÖNETİMİ A.Ş. AKS GAYRİMENKUL YATIRIM FONU","1.423.133.458,49","1.423.154.382,29","0,00","50.650.817,00","50.650.817,00","0,00","0,00"
"NBA","NUROL PORTFÖY YÖNETİMİ A.Ş. BABACAN MERİDİAN PROJE GAYRİMENKUL YATIRIM FONU","0,00","1.918.536,74","0,00","0,00","2.000.000,00","0,00","0,00"
"NBP","NEO PORTFÖY YÖNETİMİ A.Ş. BİRİNCİ PROJE GAYRİMENKUL YATIRIM FONU","0,00","0,00","0,00","0,00","0,00","0,00","0,00"
"NBR","NATURA GAYRİMENKUL VE GİRİŞİM SERMAYESİ PORTFÖY YÖNETİMİ A.Ş. BİRİNCİ PROJE GAYRİMENKUL YATIRIM FONU","0,00","0,00","0,00","0,00","0,00","0,00","0,00"
"NFA","NEO PORTFÖY YÖNETİMİ A.Ş. FENERCİOĞLU PROJE GAYRİMENKUL YATIRIM FONU","928.836,22","1.218.294,56","31,16","31.099,00","41.179,00","32,41","-0,94"
"NFE","NEO PORTFÖY YÖNETİMİ A.Ş. FENERCİOĞLU KARMA GAYRİMENKUL YATIRIM FONU","1.667.084,41","1.593.613,96","-4,41","31.099,00","31.099,00","0,00","-4,41"
"NFG","NEO PORTFÖY YÖNETİMİ A.Ş. FIRSAT GAYRİMENKUL YATIRIM FONU","80.484.092,91","80.857.271,95","0,46","6.543.166,00","6.543.166,00","0,00","0,46"
"NFN","NUROL PORTFÖY YÖNETİMİ A.Ş. NUFON GAYRİMENKUL YATIRIM FONU","0,00","0,00","0,00","0,00","0,00","0,00","0,00"
"NG2","NEO PORTFÖY YÖNETİMİ A.Ş. İKİNCİ GAYRİMENKUL YATIRIM FONU","130.832.294,33","131.262.266,62","0,33","12.523.539,00","12.523.539,00","0,00","0,33"
"NG3","NEO PORTFÖY YÖNETİMİ A.Ş. ÜÇÜNCÜ GAYRİMENKUL YATIRIM FONU","121.308.216,35","121.219.509,61","-0,07","7.648.800,00","7.648.800,00","0,00","-0,07"
"NG4","NEO PORTFÖY YÖNETİMİ A.Ş. DÖRDÜNCÜ GAYRİMENKUL YATIRIM FONU","819.988.679,01","820.900.203,21","0,11","64.798.777,00","64.798.777,00","0,00","0,11"
"NG5","NEO PORTFÖY YÖNETİMİ A.Ş. BEŞİNCİ GAYRİMENKUL YATIRIM FONU","624.391.859,34","622.213.982,84","-0,35","75.173.157,00","75.784.103,00","0,81","-1,15"
"NG6","ARGEUS GAYRİMENKUL VE GİRİŞİM SERMAYESİ PORTFÖY YÖNETİMİ A.Ş. İKİNCİ GAYRİMENKUL YATIRIM FONU","2.811.376.928,52","2.830.374.184,32","0,68","325.576.554,00","325.576.554,00","0,00","0,68"
"NG7","NEO PORTFÖY YÖNETİMİ A.Ş. YEDİNCİ GAYRİMENKUL YATIRIM FONU","454.040.783,82","455.054.422,30","0,22","22.203.221,00","22.203.221,00","0,00","0,22"
"NG8","NEO PORTFÖY YÖNETİMİ A.Ş. DOKUZUNCU GAYRİMENKUL YATIRIM FONU","181.685.018,92","188.271.359,66","3,63","105.924.883,00","105.924.883,00","0,00","3,63"
"NGA","INVEO PORTFÖY YÖNETİMİ A.Ş. BİRİNCİ GAYRİMENKUL YATIRIM FONU","278.659,62","283.319,91","1,67","250.000,00","250.000,00","0,00","1,67"
"NGM","NEO PORTFÖY YÖNETİMİ A.Ş. ONİKİNCİ GAYRİMENKUL YATIRIM FONU","0,00","0,00","0,00","0,00","0,00","0,00","0,00"
"NGO","NEO PORTFÖY YÖNETİMİ A.Ş. ONUNCU GAYRİMENKUL YATIRIM FONU","13.203.959,48","51.478.856,61","289,87","483.899,00","13.405.580,00","2.670,33","-85,93"
"NH2","NEO PORTFÖY YÖNETİMİ A.Ş CORNERSTONE GAYRİMENKUL YATIRIM FONU","1.242.136.240,48","1.279.621.885,70","3,02","29.269.956,00","29.708.116,00","1,50","1,50"
"NH3","NEO PORTFÖY  YÖNETİMİ A.Ş TÜRKAZ GAYRİMENKUL YATIRIM FONU","265.875.318,71","265.740.061,04","-0,05","13.017.765,00","13.017.765,00","0,00","-0,05"
"NH4","NEO PORTFÖY YÖNETİMİ A.Ş SEKİZİNCİ GAYRİMENKUL YATIRIM FONU","798.305.275,72","807.343.822,36","1,13","178.831.349,00","178.831.349,00","0,00","1,13"
"NH5","NEO PORTFÖY YÖNETİMİ A.Ş. ÜÇÜNCÜ PROJE GAYRİMENKUL YATIRIM FONU","17.555.636,59","17.488.665,67","-0,38","466.882,00","466.882,00","0,00","-0,38"
"NIK","NATURA GAYRİMENKUL VE GİRİŞİM SERMAYESİ PORTFÖY YÖNETİMİ A.Ş. İKİNCİ PROJE GAYRİMENKUL YATIRIM FONU","0,00","0,00","0,00","0,00","0,00","0,00","0,00"
"NKN","NEO PORTFÖY YÖNETİMİ A.Ş. İKİNCİ PROJE GAYRİMENKUL YATIRIM FONU","0,00","0,00","0,00","0,00","0,00","0,00","0,00"
"NMC","NUROL PORTFÖY YÖNETİMİ A.Ş. M CHARM GAYRİMENKUL YATIRIM FONU","301.206.332,48","301.345.977,12","0,05","11.112.484,00","11.112.484,00","0,00","0,05"
"NNP","NEO PORTFÖY YÖNETİMİ A.Ş. AVANTAJ  GAYRİMENKUL YATIRIM FONU","222.141.026,56","222.907.710,63","0,35","749.472,00","749.472,00","0,00","0,35"
"NO1","NEO PORTFÖY YÖNETİMİ A.Ş. ONBİRİNCİ GAYRİMENKUL YATIRIM FONU","312.631.517,46","324.014.553,27","3,64","206.271.120,00","206.271.120,00","0,00","3,64"
"NOK","NUROL PORTFÖY YÖNETİMİ A.Ş. DOKUZUNCU GAYRİMENKUL YATIRIM FONU","0,00","0,00","0,00","0,00","0,00","0,00","0,00"
"NON","NUROL PORTFÖY YÖNETİMİ A.Ş. ONUNCU GAYRİMENKUL YATIRIM FONU","0,00","0,00","0,00","0,00","0,00","0,00","0,00"
"NRY","NEO PORTFÖY YÖNETİMİ A.Ş. ROYA GAYRİMENKUL YATIRIM FONU","50.777.336,04","50.796.699,78","0,04","36.704.937,00","36.704.937,00","0,00","0,04"
"NSE","NUROL PORTFÖY YÖNETİMİ A.Ş. SEKİZİNCİ GAYRİMENKUL YATIRIM FONU","0,00","0,00","0,00","0,00","0,00","0,00","0,00"
"NUA","NUROL PORTFÖY YÖNETİMİ A.Ş. FORTİS GAYRİMENKUL YATIRIM FONU","351.275.048,36","354.222.813,17","0,84","14.483.462,00","14.483.462,00","0,00","0,84"
"NUC","NUROL PORTFÖY YÖNETİMİ A.Ş. CHARM GAYRİMENKUL YATIRIM FONU","57.760.085,72","57.749.450,01","-0,02","29.119.928,00","29.119.928,00","0,00","-0,02"
"NUE","NUROL PORTFÖY YÖNETİMİ A.Ş. EGÇ KONUT GAYRİMENKUL YATIRIM FONU","103.058.650,13","104.368.180,63","1,27","5.510.146,00","5.510.146,00","0,00","1,27"
"NUF","NUROL PORTFÖY YÖNETİMİ A.Ş. D VİZYON GAYRİMENKUL YATIRIM FONU","148.851.599,11","148.724.896,43","-0,09","22.853.868,00","22.853.868,00","0,00","-0,09"
"NUI","NUROL PORTFÖY YÖNETİMİ A.Ş. TİCARİ GAYRİMENKUL YATIRIM FONU","196.677.217,26","197.693.673,41","0,52","42.689.474,00","42.689.474,00","0,00","0,52"
"NUK","NUROL PORTFÖY YÖNETİMİ A.Ş. BİRİNCİ PROJE GAYRİMENKUL YATIRIM FONU","240.400.518,86","240.070.685,06","-0,14","90.949.356,00","90.949.356,00","0,00","-0,14"
"NUL","NUROL PORTFÖY YÖNETİMİ A.Ş. İGC GAYRİMENKUL YATIRIM FONU","428.282.714,86","430.916.318,17","0,61","18.925.185,00","18.925.185,00","0,00","0,61"
"NUN","NUROL PORTFÖY YÖNETİMİ A.Ş. KELEŞOĞLU GAYRİMENKUL YATIRIM FONU","45.001.978,57","44.906.099,74","-0,21","8.172.487,00","8.172.487,00","0,00","-0,21"
"NUP","NUROL PORTFÖY YÖNETİMİ A.Ş. ÜÇÜNCÜ GAYRİMENKUL YATIRIM FONU","955.358.591,31","955.364.707,29","0,00","737.143.646,00","746.400.162,00","1,26","-1,24"
"NUS","NUROL PORTFÖY YÖNETİMİ A.Ş. ALTINCI KATILIM GAYRİMENKUL YATIRIM FONU","55.147.282,62","55.226.695,50","0,14","66.647.397,00","66.889.117,00","0,36","-0,22"
"NUT","NUROL PORTFÖY YÖNETİMİ A.Ş. NUROL TOWER GAYRİMENKUL YATIRIM FONU","162.197.555,83","162.823.363,45","0,39","14.080.750,00","14.080.750,00","0,00","0,39"
"NUY","NUROL PORTFÖY YÖNETİMİ A.Ş. YEDİNCİ GAYRİMENKUL YATIRIM FONU","125.421.086,48","126.479.709,26","0,84","71.202.897,00","71.202.897,00","0,00","0,84"
"NUZ","FT GAYRİMENKUL VE GİRİŞİM SERMAYESİ PORTFÖY YÖNETİMİ A.Ş. KARMA GAYRİMENKUL YATIRIM FONU","114.175.619,20","110.268.234,10","-3,42","10.256.415,00","10.256.415,00","0,00","-3,42"
"NYD","NEO PORTFÖY YÖNETİMİ A.Ş. BİLGE GAYRİMENKUL YATIRIM FONU","17.344.340,64","10.786.257,85","-37,81","546.184,00","126.740,00","-76,80","168,00"
"NYO","NUROL PORTFÖY YÖNETİMİ A.Ş. ONBİRİNCİ GAYRİMENKUL YATIRIM FONU","0,00","316.508.547,64","0,00","0,00","91.291.013,00","0,00","0,00"
"OAZ","ORAGON GAYRİMENKUL VE GİRİŞİM SERMAYESİ PORTFÖY YÖNETİMİ A.Ş. AYYILDIZ GAYRİMENKUL YATIRIM FONU","0,00","0,00","0,00","0,00","0,00","0,00","0,00"
"OCH","RE-PIE PORTFÖY YÖNETİMİ A.Ş. OC HEDEF GAYRİMENKUL YATIRIM FONU","411.025.379,56","410.856.777,06","-0,04","24.020.000,00","24.020.000,00","0,00","-0,04"
"OFG","HEDEF PORTFÖY YÖNETİMİ A.Ş. FORM GAYRİMENKUL YATIRIM FONU","98.087.398,19","98.449.821,68","0,37","4.534,00","4.534,00","0,00","0,37"
"OG2","OMURGA GAYRİMENKUL VE GİRİŞİM SERMAYESİ PORTFÖY YÖNETİMİ A.Ş.UFUK KARMA GAYRİMENKUL YATIRIM FONU","4.805.398.229,39","4.806.700.506,71","0,03","356.614.959,00","356.614.959,00","0,00","0,03"
"OGC","TERA PORTFÖY YÖNETİMİ A.Ş. ÇATI KATILIM GAYRİMENKUL YATIRIM FONU","2.116.006.530,21","2.117.936.672,00","0,09","677.378,00","677.378,00","0,00","0,09"
"OGG","OMURGA GAYRİMENKUL VE GİRİŞİM SERMAYESİ PORTFÖY YÖNETİMİ A.Ş. ÖZGÜN PROJE GAYRİMENKUL YATIRIM FONU","0,00","0,00","0,00","0,00","0,00","0,00","0,00"
"OGI","OMURGA GAYRİMENKUL VE GİRİŞİM SERMAYESİ PORTFÖY YÖNETİMİ A.Ş.İKİNCİ GAYRİMENKUL YATIRIM FONU","118.053.678,59","119.145.718,27","0,93","99.178.719,00","99.178.719,00","0,00","0,92"
"OGM","OYAK PORTFÖY YÖNETİMİ A.Ş. BİRİNCİ GAYRİMENKUL YATIRIM FONU","954.820.284,22","956.439.260,17","0,17","72.648.058,00","72.648.058,00","0,00","0,17"
"OKG","NEO PORTFÖY YÖNETİMİ A.Ş. EMLAK JET GAYRİMENKUL YATIRIM FONU","191.713.119,06","191.616.041,49","-0,05","58.813,00","58.813,00","0,00","-0,05"
"ON3","ARZ GAYRİMENKUL VE GİRİŞİM SERMAYESİ PORTFÖY YÖNETİMİ A.Ş. DOKUZUNCU GAYRİMENKUL YATIRIM FONU","0,00","0,00","0,00","0,00","0,00","0,00","0,00"
"ONU","ARZ GAYRİMENKUL VE GİRİŞİM SERMAYESİ PORTFÖY YÖNETİMİ A.Ş. ONUNCU GAYRİMENKUL YATIRIM FONU","0,00","0,00","0,00","0,00","0,00","0,00","0,00"
"OO1","OYAK PORTFÖY YÖNETİMİ A.Ş. BİRİNCİ PROJE GAYRİMENKUL YATIRIM FONU","12.997.494.779,74","12.983.499.090,46","-0,11","13.034.208.000,00","13.034.208.000,00","0,00","-0,11"
"OO2","OYAK PORTFÖY YÖNETİMİ A.Ş. İKİNCİ PROJE GAYRİMENKUL YATIRIM FONU","14.752.701.662,98","14.736.815.968,67","-0,11","14.794.104.000,00","14.794.104.000,00","0,00","-0,11"
"OO3","OYAK PORTFÖY YÖNETİMİ A.Ş. ÜÇÜNCÜ PROJE GAYRİMENKUL YATIRIM FONU","0,00","0,00","0,00","0,00","0,00","0,00","0,00"
"ORB","ORAGON GAYRİMENKUL VE GİRİŞİM SERMAYESİ PORTFÖY YÖNETİMİ A.Ş. BEREKET GAYRİMENKUL YATIRIM FONU","1.817.378,24","1.818.767,94","0,08","1.680,00","1.680,00","0,00","0,08"
"ORF","ORAGON GAYRİMENKUL VE GİRİŞİM SERMAYESİ PORTFÖY YÖNETİMİ A.Ş. AGREGA PROJE GAYRİMENKUL YATIRIM FONU","0,00","0,00","0,00","0,00","0,00","0,00","0,00"
"ORV","ORAGON GAYRİMENKUL VE GİRİŞİM SERMAYESİ PORTFÖY YÖNETİMİ A.Ş. AVRASYA GAYRİMENKUL YATIRIM FONU","63.448.444,92","63.183.112,33","-0,42","46.503,17","46.503,17","0,00","-0,42"
"ORX","ORAGON GAYRİMENKUL VE GİRİŞİM SERMAYESİ PORTFÖY YÖNETİMİ A.Ş. BİRİNCİ GAYRİMENKUL YATIRIM FONU","66.367.753,14","66.084.470,46","-0,43","43.509.833,00","43.509.833,00","0,00","-0,43"
"OYE","ALBARAKA PORTFÖY YÖNETİMİ A.Ş. ALTINCI KARMA GAYRİMENKUL YATIRIM FONU","855.064.793,20","856.750.015,04","0,20","142.550,00","142.550,00","0,00","0,20"
"OYK","ALBARAKA PORTFÖY YÖNETİMİ A.Ş. ÇEŞME GAYRİMENKUL YATIRIM FONU","219.377.249,52","218.729.796,75","-0,30","175.337,00","175.337,00","0,00","-0,30"
"OYZ","ALBARAKA PORTFÖY YÖNETİMİ A.Ş.BEREKET KATILIM GAYRİMENKUL YATIRIM FONU","2.142.947.223,09","2.141.943.080,40","-0,05","144.465,00","144.465,00","0,00","-0,05"
"PAT","ALBARAKA PORTFÖY YÖNETİMİ A.Ş. ANADOLU VE TRAKYA GAYRİMENKUL YATIRIM FONU","19.109.013,46","19.406.466,45","1,56","1.045,00","1.045,00","0,00","1,56"
"PBA","ALBARAKA PORTFÖY YÖNETİMİ A.Ş. ALBATROS GAYRİMENKUL YATIRIM FONU","102.530.127,40","108.718.791,67","6,04","10.157,00","10.157,00","0,00","6,04"
"PG1","ALBARAKA PORTFÖY YÖNETİMİ A.Ş. RANA GAYRİMENKUL YATIRIM FONU","22.328.699,96","22.637.440,93","1,38","12.400,00","12.400,00","0,00","1,38"
"PG2","ALBARAKA PORTFÖY YÖNETİMİ A.Ş. İKİNCİ KARMA GAYRİMENKUL YATIRIM FONU","717.214.781,32","715.851.343,72","-0,19","200.608,00","200.608,00","0,00","-0,19"
"PG3","ALBARAKA PORTFÖY YÖNETİMİ A.Ş. ÜÇÜNCÜ KARMA GAYRİMENKUL YATIRIM FONU","14.117.793,86","14.009.888,31","-0,76","8.000,00","8.000,00","0,00","-0,76"
"PGB","ALBARAKA PORTFÖY YÖNETİMİ A.Ş. BEŞİNCİ KARMA GAYRİMENKUL YATIRIM FONU","270.222.386,77","269.595.766,87","-0,23","20.870,00","20.870,00","0,00","-0,23"
"PKA","ALBARAKA PORTFÖY YÖNETİMİ A.Ş. KARMA GAYRİMENKUL YATIRIM FONU","3.932.477.534,67","3.920.323.410,49","-0,31","22.645,00","22.645,00","0,00","-0,31"
"PRG","ATLAS PORTFÖY YÖNETİMİ A.Ş. PRİME GAYRİMENKUL YATIRIM FONU","1.064.513,73","0,01","-100,00","7.120,00","0,00","-100,00","-100,00"
"RAA","ROTA PORTFÖY YÖNETİMİ A.Ş. AVRUPA-ANADOLU GAYRİMENKUL YATIRIM FONU","37.157.582,13","38.175.150,66","2,74","1.677.924,00","1.678.090,00","0,01","2,73"
"RAS","RE-PIE PORTFÖY YÖNETİM A.Ş. ASYA STRATEJİK GAYRİMENKUL YATIRIM FONU","346.722.099,84","347.807.558,97","0,31","4.925.427,00","4.925.427,00","0,00","0,31"
"RBG","ARGEUS GAYRİMENKUL VE GİRİŞİM SERMAYESİ PORTFÖY YÖNETİMİ A.Ş. BİRİNCİ GAYRİMENKUL YATIRIM FONU","57.404.829,40","58.404.122,55","1,74","45.322.224,00","45.322.224,00","0,00","1,74"
"RBU","ARGEUS GAYRİMENKUL VE GİRİŞİM SERMAYESİ PORTFÖY YÖNETİMİ A.Ş. ÜÇÜNCÜ GAYRİMENKUL YATIRIM FONU","427.814.793,98","427.602.479,71","-0,05","170.001,00","170.001,00","0,00","-0,05"
"RDO","RE-PIE PORTFÖY YÖNETİMİ A.Ş. DOWNTOWN OTEL GAYRİMENKUL YATIRIM FONU","459.427,29","468.872,10","2,06","470,00","470,00","0,00","2,06"
"REO","RE-PIE PORTFÖY YÖNETİMİ A.Ş. EFOR GAYRİMENKUL YATIRIM FONU","1.170.723.945,76","1.197.831.735,58","2,32","526.335,00","538.728,00","2,35","-0,04"
"RF1","RE-PIE PORTFÖY YÖNETİMİ A.Ş. BİRİNCİ GAYRİMENKUL YATIRIM FONU","207.376,21","209.740,98","1,14","200,00","200,00","0,00","1,14"
"RF2","RE-PIE PORTFÖY YÖNETİMİ A.Ş. İKİNCİ GAYRİMENKUL YATIRIM FONU","207.359,31","209.707,28","1,13","200,00","200,00","0,00","1,13"
"RF3","RE-PIE PORTFÖY YÖNETİMİ A.Ş. ÜÇÜNCÜ GAYRİMENKUL YATIRIM FONU","207.356,45","209.700,98","1,13","200,00","200,00","0,00","1,13"
"RG1","RE-PIE PORTFÖY YÖNETİMİ A.Ş. YILDIZ GAYRİMENKUL YATIRIM FONU","42.141.616,36","42.165.762,89","0,06","3.973,00","3.973,00","0,00","0,06"
"RG2","RE-PIE PORTFÖY YÖNETİMİ A.Ş. LEVENT GAYRİMENKUL YATIRIM FONU","942.525.789,67","940.663.925,40","-0,20","18.102,00","18.102,00","0,00","-0,20"
"RG3","RE-PIE PORTFÖY YÖNETİMİ A.Ş. TRAKYA GAYRİMENKUL YATIRIM FONU","104.180.287,88","104.118.327,30","-0,06","18.005,00","18.005,00","0,00","-0,06"
"RG4","RE-PIE PORTFÖY YÖNETİMİ A.Ş. FIRAT GAYRİMENKUL YATIRIM FONU","2.155.143.398,62","2.173.266.016,21","0,84","65.496,00","65.496,00","0,00","0,84"
"RG5","RE-PIE PORTFÖY YÖNETİMİ A.Ş. DİCLE PROJE GAYRİMENKUL YATIRIM FONU","2.506.300.962,57","2.507.499.930,28","0,05","229.875,00","230.078,00","0,09","-0,04"
"RG6","RE-PIE PORTFÖY YÖNETİMİ A.Ş. İZMİR TARİHİ KEMERALTI GAYRİMENKUL YATIRIM FONU","73.874.896,70","74.575.093,04","0,95","37.350,00","37.350,00","0,00","0,95"
"RG7","RE-PIE PORTFÖY YÖNETİMİ A.Ş DOWNTOWN OFİS GAYRİMENKUL YATIRIM FONU","442.392.317,00","443.966.862,06","0,36","169.888,00","169.888,00","0,00","0,36"
"RG8","RE-PIE PORTFÖY YÖNETİM A.Ş. MERİÇ GAYRİMENKUL YATIRIM FONU","162.079.046,10","118.845.027,81","-26,67","27.618,00","27.618,00","0,00","-26,67"
"RG9","RE-PIE PORTFÖY YÖNETİMİ A.Ş ATIŞ INVEST DOWNTOWN AVM GAYRİMENKUL YATIRIM FONU","6.046.762.988,00","6.100.368.980,51","0,89","2.021.352,00","2.021.852,00","0,02","0,86"
"RGF","ROTA PORTFÖY YÖNETİMİ A.Ş. TSL PROJE GAYRİMENKUL YATIRIM FONU","24.922.928,76","25.494.978,37","2,30","516.017,00","516.017,00","0,00","2,30"
"RGK","ROTA PORTFÖY YÖNETİMİ A.Ş. İKİNCİ GAYRİMENKUL YATIRIM FONU","726.355.471,38","726.253.882,62","-0,01","306.482.075,00","306.482.075,00","0,00","-0,01"
"RGN","ROTA PORTFÖY YÖNETİMİ A.Ş. REGNUM PROJE GAYRİMENKUL YATIRIM FONU","25.515,33","19.196,10","-24,77","1.514,00","1.514,00","0,00","-24,77"
"RGO","RE-PIE PORTFÖY YÖNETİMİ A.Ş. GÖKSU GAYRİMENKUL YATIRIM FONU","1.999.280.931,57","2.021.636.869,70","1,12","939.065,00","939.065,00","0,00","1,12"
"RGU","ROTA PORTFÖY YÖNETİMİ A.Ş. İKİNCİ REGNUM PROJE GAYRİMENKUL YATIRIM FONU","0,00","0,00","0,00","0,00","0,00","0,00","0,00"
"RKG","RE-PIE PORTFÖY YÖNETİMİ A.Ş. NEF GAYRİMENKUL YATIRIM FONU","61.094.048,65","61.065.760,47","-0,05","14.812,00","14.812,00","0,00","-0,05"
"RMK","RE-PIE PORTFÖY YÖNETİMİ A.Ş. EMLAK KATILIM YENİ EVİM GAYRİMENKUL YATIRIM FONU","1.139.960,67","1.166.029,90","2,29","1.000,00","1.000,00","0,00","2,29"
"RMO","RE-PIE PORTFÖY YÖNETİMİ A.Ş. MONO PROJE GAYRİMENKUL YATIRIM FONU","716.355.995,44","716.250.540,17","-0,01","255.210,00","255.210,00","0,00","-0,01"
"RNG","ROTA PORTFÖY YÖNETİMİ A.Ş. BİRİNCİ GAYRİMENKUL YATIRIM FONU","0,00","0,00","0,00","0,00","0,00","0,00","0,00"
"ROG","ROTA PORTFÖY YÖNETİMİ A.Ş. ÜÇÜNCÜ GAYRİMENKUL YATIRIM FONU","386.870.548,83","387.576.750,82","0,18","377.509,00","377.509,00","0,00","0,18"
"RP1","RE-PIE PORTFÖY YÖNETİM A.Ş. NOVADA URFA GAYRİMENKUL YATIRIM FONU","639.031.811,33","643.848.110,27","0,75","11.647.998,00","11.647.998,00","0,00","0,75"
"RP2","RE-PIE PORTFÖY YÖNETİM A.Ş. ANADOLU STRATEJİK GAYRİMENKUL YATIRIM FONU","374.510.654,39","378.380.412,89","1,03","43.711.613,00","43.711.613,00","0,00","1,03"
"RP3","RE-PIE PORTFÖY YÖNETİMİ A.Ş. AVRUPA STRATEJİK GAYRİMENKUL YATIRIM FONU","1.806.614.667,39","1.826.971.125,61","1,13","159.085.884,00","159.085.884,00","0,00","1,13"
"RP4","RE-PIE PORTFÖY YÖNETİMİ A.Ş. AVRASYA STRATEJİK GAYRİMENKUL YATIRIM FONU","242.841.502,95","247.943.483,91","2,10","37.231,00","37.231,00","0,00","2,10"
"RP5","RE-PIE PORTFÖY YÖNETİMİ A.Ş.MİLENYUM GAYRİMENKUL YATIRIM FONU","30.173.777,17","29.860.636,81","-1,04","5.273.240,00","5.273.240,00","0,00","-1,04"
"RP7","RE-PIE PORTFÖY YÖNETİM A.Ş. TURESİF GAYRİMENKUL YATIRIM FONU","97.668.270,46","98.995.290,09","1,36","51.135.406,00","51.135.406,00","0,00","1,36"
"RP9","RE-PIE PORTFÖY YÖNETİM A.Ş. NEVA GAYRİMENKUL YATIRIM FONU","469.567.497,04","471.449.893,57","0,40","12.830.048,00","12.824.584,00","-0,04","0,44"
"RR4","RE-PIE PORTFÖY YÖNETİMİ A.Ş. ATAR GAYRİMENKUL YATIRIM FONU","5.034.184.461,87","5.057.552.452,47","0,46","408.257,00","408.257,00","0,00","0,46"
"RSH","RE-PIE PORTFÖY YÖNETİMİ A.Ş. SEYHAN GAYRİMENKUL YATIRIM FONU","57.203.653,94","57.062.672,90","-0,25","7.877,00","7.877,00","0,00","-0,25"
"RSM","RE-PIE PORTFÖY YÖNETİMİ A.Ş. SMART PROJE GAYRİMENKUL YATIRIM FONU","485.381,69","490.787,88","1,11","100,00","100,00","0,00","1,11"
"RSO","RE-PIE PORTFÖY YÖNETİMİ A.Ş. SONNE PROJE GAYRİMENKUL YATIRIM FONU","425.660,54","431.682,09","1,41","70,00","70,00","0,00","1,41"
"RTM","ALBARAKA PORTFÖY YÖNETİMİ A.Ş. TM GAYRİMENKUL YATIRIM FONU","178.177.451,45","177.629.437,86","-0,31","12.800,00","12.800,00","0,00","-0,31"
"RTO","RE-PIE PORTFÖY YÖNETİMİ A.Ş. TOROS PROJE GAYRİMENKUL YATIRIM FONU","259.873,13","270.447,90","4,07","152,00","152,00","0,00","4,07"
"RTR","ROTA PORTFÖY YÖNETİMİ A.Ş. TRAKYA GELİŞİM GAYRİMENKUL YATIRIM FONU","0,00","0,00","0,00","0,00","0,00","0,00","0,00"
"RYZ","ARGEUS GAYRİMENKUL VE GİRİŞİM SERMAYESİ PORTFÖY YÖNETİMİ A.Ş. DÖRDÜNCÜ GAYRİMENKUL YATIRIM FONU","1.106.763.965,93","1.216.899.000,53","9,95","367.343,00","367.343,00","0,00","9,95"
"RZB","ROTA PORTFÖY YÖNETİMİ A.Ş. SEBA CENTER GAYRİMENKUL YATIRIM FONU","0,00","0,00","0,00","0,00","0,00","0,00","0,00"
"SEB","ROTA PORTFÖY YÖNETİMİ A.Ş. SEBA CENTER PROJE GAYRİMENKUL YATIRIM FONU","0,00","0,00","0,00","0,00","0,00","0,00","0,00"
"SGF","AK PORTFÖY YÖNETİMİ A.Ş. SOFAZ ÖZEL GAYRİMENKUL YATIRIM FONU","0,00","0,00","0,00","0,00","0,00","0,00","0,00"
"SGG","ARGEUS GAYRİMENKUL VE GİRİŞİM SERMAYESİ PORTFÖY YÖNETİMİ A.Ş. SEKİZİNCİ GAYRİMENKUL YATIRIM FONU","0,00","0,00","0,00","0,00","0,00","0,00","0,00"
"TGI","TERA PORTFÖY YÖNETİMİ A.Ş. İKİNCİ GAYRİMENKUL YATIRIM FONU","1.328.529.842,28","2.073.905.161,12","56,11","381.552.256,00","381.638.491,00","0,02","56,07"
"TNG","RE-PIE PORTFÖY YÖNETİMİ A.Ş. TUNA PROJE GAYRİMENKUL YATIRIM FONU","462.517.260,98","478.383.803,36","3,43","300.000,00","300.000,00","0,00","3,43"
"TUG","TERA PORTFÖY YÖNETİMİ A.Ş. BİRİNCİ GAYRİMENKUL YATIRIM FONU","654.628,57","624.275,78","-4,64","144.397.546,00","190.300.696,00","31,79","-27,66"
"UCG","RE-PIE PORTFÖY YÖNETİMİ A.Ş. SAMPAŞ HOLDİNG ÖZEL GAYRİMENKUL YATIRIM FONU","1.278.141.717,78","1.283.194.855,94","0,40","81.092.133,00","81.092.133,00","0,00","0,40"
"UG2","ÜNLÜ PORTFÖY YÖNETİMİ A.Ş. İKİNCİ GAYRİMENKUL YATIRIM FONU","131.539.392,88","143.016.238,75","8,73","24.826.616,00","24.826.616,00","0,00","8,73"
"UKA","TERA PORTFÖY YÖNETİMİ A.Ş. KONUT ALFA KATILIM GAYRİMENKUL YATIRIM FONU","750.004.346,25","724.201.210,01","-3,44","120.110,47","120.110,47","0,00","-3,44"
"UNC","İŞ PORTFÖY YÖNETİMİ A.Ş. ÜÇÜNCÜ GAYRİMENKUL YATIRIM FONU","877.142.196,15","937.982.991,72","6,94","600.092.492,00","600.092.492,00","0,00","6,94"
"VBI","WAM GAYRİMENKUL VE GİRİŞİM SERMAYESİ PORTFÖY YÖNETİMİ A.Ş. BİRİNCİ GAYRİMENKUL YATIRIM FONU","109.002,92","113.347,62","3,99","100.000,00","100.000,00","0,00","3,99"
"VIK","WAM GAYRİMENKUL VE GİRİŞİM SERMAYESİ PORTFÖY YÖNETİMİ A.Ş. İKİNCİ GAYRİMENKUL YATIRIM FONU","109.018,75","113.363,45","3,99","100.000,00","100.000,00","0,00","3,99"
"VVF","NEO PORTFÖY YÖNETİMİ A.Ş. BİRİNCİ GAYRİMENKUL YATIRIM FONU","2.299.634.422,06","2.351.962.340,68","2,28","248.000.220,00","248.000.220,00","0,00","2,28"
"YD1","24 GAYRİMENKUL VE GİRİŞİM SERMAYESİ PORTFÖY YÖNETİMİ A.Ş. ALTIN BAŞAK GAYRİMENKUL YATIRIM FONU","15.234.561,89","15.114.282,80","-0,79","12.637.746,00","12.637.746,00","0,00","-0,79"
"YD2","24 GAYRİMENKUL VE GİRİŞİM SERMAYESİ PORTFÖY YÖNETİMİ A.Ş. ALZAMİL KİRA GETİRİLİ GAYRİMENKUL YATIRIM FONU","193.794.314,89","193.929.443,92","0,07","27.178.800,00","27.178.800,00","0,00","0,07"
"YD3","24 GAYRİMENKUL VE GİRİŞİM SERMAYESİ PORTFÖY YÖNETİMİ A.Ş. PRİMO GAYRİMENKUL YATIRIM FONU","167.529.974,36","165.322.873,02","-1,32","12.409.400,00","12.409.400,00","0,00","-1,32"
"YD4","24 GAYRIMENKUL VE GIRISIM SERMAYESI PORTFÖY YÖNETIMI A.S. PORTAKAL ÇIÇEGI GAYRIMENKUL YATIRIM FONU","262.085.927,63","261.415.652,47","-0,26","20.133.201,00","20.133.201,00","0,00","-0,26"
"YD5","24 GAYRİMENKUL VE GİRİŞİM SERMAYESİ PORTFÖY YÖNETİMİ A.Ş.  A1 GAYRİMENKUL YATIRIM FONU","204.351.321,91","203.697.542,31","-0,32","9.712.281,00","9.712.281,00","0,00","-0,32"
"YD7","24 GAYRİMENKUL VE GİRİŞİM SERMAYESİ PORTFÖY YÖNETİMİ A.Ş.KARDELEN GAYRİMENKUL YATIRIM FONU","68.902.706,71","68.559.637,40","-0,50","12.818.249,00","12.818.249,00","0,00","-0,50"
"YE3","24 GAYRİMENKUL VE GİRİŞİM SERMAYESİ PORTFÖY YÖNETİMİ A.Ş. AKASYA GAYRİMENKUL YATIRIM FONU","188.009.372,33","187.926.672,02","-0,04","330.000,00","330.000,00","0,00","-0,04"
"YE6","24 GAYRİMENKUL VE GİRİŞİM SERMAYESİ PORTFÖY YÖNETİMİ A.Ş NİLÜFER GAYRİMENKUL YATIRIM FONU","18.122.828,60","18.081.600,57","-0,23","11.898.965,00","11.898.965,00","0,00","-0,23"
"YG1","24 GAYRİMENKUL VE GİRİŞİM SERMAYESİ PORTFÖY YÖNETİMİ A.Ş. LOTUS GAYRİMENKUL YATIRIM FONU","434.234.233,42","511.199.251,02","17,72","103.852.814,00","103.852.814,00","0,00","17,72"
"YG2","24 GAYRİMENKUL VE GİRİŞİM SERMAYESİ PORTFÖY YÖNETİMİ A.Ş. AYÇİÇEĞİ GAYRİMENKUL YATIRIM FONU","246,96","38,49","-84,41","454.094,00","454.094,00","0,00","-84,38"
"YG3","24 GAYRİMENKUL VE GİRİŞİM SERMAYESİ PORTFÖY YÖNETİMİ A.Ş. ERGUVAN GAYRİMENKUL YATIRIM FONU","96.013.607,39","95.774.737,08","-0,25","10.956.530,00","10.956.530,00","0,00","-0,25"
"YG5","24 GAYRİMENKUL VE GİRİŞİM SERMAYESİ PORTFÖY YÖNETİMİ A.Ş. FULYA GAYRİMENKUL YATIRIM FONU","39.874.948,84","39.816.620,18","-0,15","1.038.884,00","1.038.884,00","0,00","-0,15"
"YG6","24 GAYRİMENKUL VE GİRİŞİM SERMAYESİ PORTFÖY YÖNETİMİ A.Ş. MANOLYA GAYRİMENKUL YATIRIM FONU","76.918.596,88","76.557.990,31","-0,47","73.432.275,00","73.432.275,00","0,00","-0,47"
"YG7","24 GAYRİMENKUL VE GİRİŞİM SERMAYESİ PORTFÖY YÖNETİMİ A.Ş. MENEKŞE GAYRİMENKUL YATIRIM FONU","542.422.750,69","547.884.693,08","1,01","862.453.458,00","862.453.458,00","0,00","1,01"
"YG8","24 GAYRİMENKUL VE GİRİŞİM SERMAYESİ PORTFÖY YÖNETİMİ A.Ş. LALE GAYRİMENKUL YATIRIM FONU","288.734.456,32","287.529.414,61","-0,42","26.235.742,00","26.235.742,00","0,00","-0,42"
"YGG","ARGEUS GAYRİMENKUL VE GİRİŞİM SERMAYESİ PORTFÖY YÖNETİMİ A.Ş. YEDİNCİ GAYRİMENKUL YATIRIM FONU","0,00","0,00","0,00","0,00","0,00","0,00","0,00"
"YOR","24 GAYRİMENKUL VE GİRİŞİM SERMAYESİ PORTFÖY YÖNETİMİ A.Ş. ORKİDE GAYRİMENKUL YATIRIM FONU","0,00","0,00","0,00","0,00","0,00","0,00","0,00"
"YYF","İŞ PORTFÖY YÖNETİMİ A.Ş. YEDİNCİ GAYRİMENKUL YATIRIM FONU","25.129.758,92","26.039.390,80","3,62","24.022.000,00","24.022.000,00","0,00","3,62"
"YZA","24 GAYRİMENKUL VE GİRİŞİM SERMAYESİ PORTFÖY YÖNETİMİ A.Ş. ZAMBAK GAYRİMENKUL YATIRIM FONU","60.968.637,46","60.831.656,28","-0,22","59.819.142,00","59.819.142,00","0,00","-0,22"
"ZBG","ZİRAAT PORTFÖY YÖNETİMİ A.Ş.TZHEMSAN ÖZEL GAYRİMENKUL YATIRIM FONU","0,00","0,00","0,00","0,00","0,00","0,00","0,00"
"ZEP","ZİRAAT PORTFÖY YÖNETİMİ A.Ş. EMLAK KONUT GELİR PAYLAŞIMI BİRİNCİ KATILIM GAYRİMENKUL YATIRIM FONU","0,00","0,00","0,00","0,00","0,00","0,00","0,00"
"ZG6","ARZ GAYRİMENKUL VE GİRİŞİM SERMAYESİ PORTFÖY YÖNETİMİ A.Ş. LEVENT GAYRİMENKUL YATIRIM FONU","888.191.654,85","890.716.835,05","0,28","926.844.012,00","930.545.958,00","0,40","-0,11"
"ZGG","ZİRAAT PORTFÖY YÖNETİMİ A.Ş. BGF KATILIM ÖZEL GAYRİMENKUL YATIRIM FONU","2.802.107.009,30","2.868.068.040,87","2,35","1.273.591.356,00","1.273.591.356,00","0,00","2,35"
"ZGU","AZİMUT PORTFÖY YÖNETİMİ A.Ş. ÖZGÜN ÖZEL GAYRİMENKUL YATIRIM FONU","115.010.557,42","114.991.855,79","-0,02","97.333,00","97.333,00","0,00","-0,02"
"ZPV","ZİRAAT PORTFÖY YÖNETİMİ A.Ş. BAŞAK KATILIM GAYRİMENKUL YATIRIM (TL) FONU","69.681.402,53","71.858.457,00","3,12","30.000.000,00","30.000.000,00","0,00","3,12"
"ZUG","ZİRAAT PORTFÖY YÖNETİMİ A.Ş. ÜSKÜDAR GAYRİMENKUL YATIRIM FONU","1.459.687.973,05","1.579.303.469,54","8,19","395.532.870,00","395.532.870,00","0,00","8,19"
"ZVD","ATLAS PORTFÖY YÖNETİMİ A.Ş.ESTA GAYRİMENKUL YATIRIM FONU","2.223.704.230,56","2.223.367.683,42","-0,02","1.467.125,00","1.467.125,00","0,00","-0,02"
"ZVE","ATLAS PORTFÖY YÖNETİMİ A.Ş. A&AK GAYRİMENKUL YATIRIM FONU","1.053.616.773,37","1.052.855.607,63","-0,07","44.082,00","44.082,00","0,00","-0,07"
"ZYF","AZİMUT PORTFÖY YÖNETİMİ A.Ş. BİRİNCİ GAYRİMENKUL YATIRIM FONU","0,00","0,00","0,00","0,00","0,00","0,00","0,00"