"Fon Kodu","Fon Adı","1 Ay (%)","3 Ay (%)","6 Ay (%)","Yılbaşı (%)","1 Yıl (%)","3 Yıl (%)","5 Yıl (%)"
"NPE","NEO PORTFÖY YÖNETİMİ A.Ş. DÖRDÜNCÜ GİRİŞİM SERMAYESİ YATIRIM FONU","-4,9824","-25,8379","4.092,8793","-26,3428","4.152,1330","16.647,7033","-"
"PG4","ALBARAKA PORTFÖY YÖNETİMİ A.Ş. BOYUT GİRİŞİM SERMAYESİ YATIRIM FONU","-0,1665","-0,4691","1.780,6644","-1,6185","1.868,8800","-","-"
"BKG","PARDUS PORTFÖY YÖNETİMİ A.Ş. BİRİNCİ KARMA GİRİŞİM SERMAYESİ YATIRIM FONU","72,2017","103,7729","134,2626","111,7026","360,3355","-","-"
"REB","RE-PIE PORTFÖY YÖNETİMİ A.Ş. BİNBİN GİRİŞİM SERMAYESİ  YATIRIM FONU","50,6939","143,3897","163,4867","162,0462","345,9942","1.246,5218","-"
"NEC","NEO PORTFÖY YÖNETİMİ A.Ş. CONNECT IQ GİRİŞİM SERMAYESİ YATIRIM FONU","-0,0086","-0,0154","36,0585","-0,0229","258,6473","-","-"
"RFT","RE-PIE PORTFÖY YÖNETİMİ A.Ş. İKİNCİ KARMA GİRİŞİM SERMAYESİ YATIRIM FONU","3,0786","24,8735","192,9515","93,0676","253,4782","542,5553","-"
"LC1","LETVEN CAPİTAL GİRİŞİM SERMAYESİ PORTFÖY YÖNETİMİ A.Ş. PREO GİRİŞİM SERMAYESİ YATIRIM FONU","-0,2337","4,1041","207,5816","3,9572","248,2147","-","-"
"NPD","NUROL PORTFÖY YÖNETİMİ A.Ş. DÖRDÜNCÜ GİRİŞİM SERMAYESİ YATIRIM FONU","0,0502","0,0561","14,0147","0,0464","168,9976","753,0935","-"
"HNG","HEDEF PORTFÖY YÖNETİMİ A.Ş. COFUNDS GİRİŞİM SERMAYESİ YATIRIM FONU","-0,1073","0,8304","143,5597","0,8382","165,5019","-","-"
"FTC","ALBARAKA PORTFÖY YÖNETİMİ A.Ş. DEĞER GİRİŞİM SERMAYESİ YATIRIM FONU","2,5203","4,1982","138,5177","15,2581","153,3052","751,1200","729,9534"
"NYL","NEO PORTFÖY YÖNETİMİ A.Ş. KARBON TEKNOLOJİLERİ GİRİŞİM SERMAYESİ YATIRIM FONU","0,7618","1,8470","104,5890","1,8858","131,1984","-","-"
"IV1","INVEO PORTFÖY YÖNETİMİ A.Ş. BİRİNCİ TEKNOLOJİ GİRİŞİM SERMAYESİ YATIRIM FONU","-0,0264","-0,0697","123,3115","105,1669","128,0757","-","-"
"LTE","LOGOS PORTFÖY YÖNETİMİ A.Ş. TESTİNİUM GİRİŞİM SERMAYESİ YATIRIM FONU","0,5670","6,6409","10,4101","7,4524","122,2335","-","-"
"PAG","RE-PIE PORTFÖY YÖNETİMİ A.Ş.AKILLI ŞEHİRLER GİRİŞİM SERMAYESİ YATIRIM FONU","-0,1066","-0,4790","121,9369","-0,6541","120,5112","548,2287","-"
"PIH","ALBARAKA PORTFÖY YÖNETİMİ A.Ş. ASSET GİRİŞİM SERMAYESİ YATIRIM FONU","-0,2852","-0,3421","119,0203","-0,3413","117,2568","506,4054","-"
"RAL","RE-PIE PORTFÖY YÖNETİMİ A.Ş.ALTUN CAPİTAL GİRİŞİM SERMAYESİ YATIRIM FONU","18,6873","13,9617","75,3165","20,9476","106,5112","55,6232","-"
"NPT","NEO PORTFÖY YÖNETİMİ A.Ş. TARGET GİRİŞİM SERMAYESİ YATIRIM FONU","9,1120","17,3107","56,8863","22,5649","106,0600","-","-"
"NPI","NEO PORTFÖY YÖNETİMİ A.Ş. BEŞİNCİ GİRİŞİM SERMAYESİ YATIRIM FONU","0,2307","-0,3646","107,3558","-0,2402","99,2449","-","-"
"BTG","ROTA PORTFÖY YÖNETİMİ A.Ş. BİRİNCİ FİNTECH GİRİŞİM SERMAYESİ YATIRIM FONU","-0,0814","-0,2013","98,0363","-0,2737","96,9905","-","-"
"JOY","BV PORTFÖY YÖNETİMİ A.Ş. JOYGAME PRE-IPO GİRİŞİM SERMAYESİ YATIRIM FONU","-0,2617","-0,1568","89,2355","-0,0568","96,8873","-","-"
"RBZ","RE-PIE PORTFÖY YÖNETİMİ A.Ş. GOLDTAG GİRİŞİM SERMAYESİ YATIRIM FONU","-1,1790","-2,9885","86,3846","-3,0869","95,3964","-","-"
"REZ","RE-PIE PORTFÖY YÖNETİMİ A.Ş. DOKUZUNCU KARMA GİRİŞİM SERMAYESİ YATIRIM FONU","-0,2468","0,5908","32,9455","0,6604","88,9129","-","-"
"NEA","NEO PORTFÖY YÖNETİMİ A.Ş. AKDENİZ GİRİŞİM SERMAYESİ YATIRIM FONU","0,1366","0,6851","84,9601","0,0628","88,7754","319,5454","-"
"LTG","LETVEN CAPİTAL GİRİŞİM SERMAYESİ PORTFÖY YÖNETİMİ A.Ş. TARS GİRİŞİM SERMAYESİ YATIRIM FONU","-0,2128","0,4237","69,9169","0,7355","88,1964","553,1024","-"
"HGE","HEDEF PORTFÖY YÖNETİMİ A.Ş. GELİŞİM GİRİŞİM SERMAYESİ YATIRIM FONU","2,1400","3,9015","63,4956","3,8710","88,1417","-","-"
"AS2","ALLBATROSS PORTFÖY YÖNETİMİ A.Ş. BİRİNCİ GİRİŞİM SERMAYESİ YATIRIM FONU","-0,0326","58,1407","77,0327","58,1144","76,7172","-","-"
"NAT","INVEO PORTFÖY YÖNETİMİ A.Ş. ADVENTURES GİRİŞİM SERMAYESİ YATIRIM FONU","0,4718","1,3483","74,6887","1,6125","76,5678","188,8943","-"
"BSG","BV PORTFÖY YÖNETİMİ A.Ş. SİNERJİ GİRİŞİM SERMAYESİ YATIRIM FONU","1,3118","5,6837","32,4900","7,4934","73,6611","-","-"
"PCI","QİNVEST PORTFÖY YÖNETİMİ A.Ş. PRAGMA CAPİTAL PARTNERS ENDÜSTRİYEL ŞİRKETLER GİRİŞİM SERMAYESİ YATIRIM FONU","-0,3780","-0,2222","75,2347","-0,7081","73,5453","-","-"
"RR1","RE-PIE PORTFÖY YÖNETİMİ A.Ş. IOT TECH  GİRİŞİM SERMAYESİ YATIRIM FONU","0,0966","-0,1668","73,5276","-0,6681","73,0501","329,0112","-"
"BIE","INVEO PORTFÖY YÖNETİMİ A.Ş. BİRİNCİ GAMİNG VE E-SPORTS GİRİŞİM SERMAYESİ YATIRIM FONU","-0,0178","-0,0104","70,5106","-0,0193","70,4238","588,3834","-"
"RKA","RE-PIE PORTFÖY YÖNETİMİ A.Ş. İKAS GİRİŞİM SERMAYESİ YATIRIM FONU","0,1402","1,2751","17,8931","0,8611","66,5763","-","-"
"GBR","GLOBAL MD PORTFÖY YÖNETİMİ A.Ş. BİRİNCİ GİRİŞİM SERMAYESİ YATIRIM FONU","1,2433","1,6469","40,8816","1,6642","66,1246","-","-"
"RLT","RE-PIE PORTFÖY YÖNETİMİ A.Ş. ELEKTRİK TEKNOLOJİLERİ GİRİŞİM SERMAYESİ YATIRIM FONU","-0,2014","-0,7568","65,1282","-0,8894","62,6721","-","-"
"HTP","HEDEF PORTFÖY YÖNETİMİ A.Ş. STARTUP BURADA GİRİŞİM SERMAYESİ YATIRIM FONU","0,0423","1,0367","63,2471","1,4297","62,4509","-","-"
"NBI","NUROL PORTFÖY YÖNETİMİ A.Ş. BÜYÜYEN İŞLETMELER GİRİŞİM SERMAYESİ YATIRIM FONU","3,8172","11,7206","26,4986","15,0233","61,8267","-","-"
"ZEY","İSTANBUL PORTFÖY YÖNETİMİ A.Ş. AKSON YAPAY ZEKA TEKNOLOJİLERİ GİRİŞİM SERMAYESİ YATIRIM FONU","0,6923","6,9990","53,4875","7,9133","61,0244","-","-"
"YG4","24 GAYRİMENKUL VE GİRİŞİM SERMAYESİ PORTFÖY YÖNETİMİ A.Ş. NEMA GİRİŞİM SERMAYESİ YATIRIM FONU","0,2941","4,6712","59,3521","5,2512","60,3031","-","-"
"IV4","INVEO PORTFÖY YÖNETİMİ A.Ş. CODEWAY GİRİŞİM SERMAYESİ YATIRIM FONU","-0,0244","-1,5966","60,9938","-1,6199","60,2943","-","-"
"ROV","ROTA PORTFÖY YÖNETİMİ A.Ş. ROTA VENTURES GİRİŞİM SERMAYESİ YATIRIM FONU","3,7486","10,7071","24,8387","14,0492","59,8500","-","-"
"DVG","DENİZ PORTFÖY YÖNETİMİ A.Ş.DENİZ VENTURES GİRİŞİM SERMAYESİ YATIRIM FONU","0,2920","0,6931","49,7708","0,4479","59,3935","1.989,1343","-"
"ZFL","AZİMUT  PORTFÖY YÖNETİMİ A.Ş. ART GİRİŞİM SERMAYESİ YATIRIM FONU","8,3787","8,6935","35,5544","8,7090","58,6476","127,4434","-"
"MBK","AKTİF PORTFÖY YÖNETİMİ A.Ş. MİNDVEST GİRİŞİM SERMAYESİ YATIRIM FONU","0,3796","2,6501","52,5840","2,8182","56,3192","322,9826","-"
"ULI","NUROL PORTFÖY YÖNETİMİ A.Ş. İDACAPİTAL İVMELENDİRME GİRİŞİM SERMAYESİ YATIRIM FONU","0,7146","6,9220","27,3985","7,8243","56,2072","-","-"
"DFH","DENİZ PORTFÖY YÖNETİMİ A.Ş. BİRİNCİ GİRİŞİM SERMAYESİ YATIRIM FONU","5,6518","12,6957","40,1789","13,5335","56,0352","-","-"
"LDG","LETVEN CAPİTAL GİRİŞİM SERMAYESİ PORTFÖY YÖNETİMİ A.Ş. MİLRES GİRİŞİM SERMAYESİ YATIRIM FONU","-6,7093","0,4653","-0,4810","-1,8811","55,9516","262,9870","-"
"RNV","ROTA PORTFÖY YÖNETİMİ A.Ş. NOVA GİRİŞİM SERMAYESİ YATIRIM FONU","-0,0742","0,2133","53,4261","0,2444","55,8602","-","-"
"EBG","QİNVEST PORTFÖY YÖNETİMİ A.Ş. RE-PİE GİRİŞİM SERMAYESİ YATIRIM FONU","0,4541","1,2679","55,6458","1,6300","55,2913","274,9109","-"
"HPN","HEDEF PORTFÖY YÖNETİMİ A.Ş. BİRLİK GİRİŞİM SERMAYESİ YATIRIM FONU","3,4233","10,1270","23,0372","13,1060","54,9710","-","-"
"DCS","ALBARAKA PORTFÖY YÖNETİMİ A.Ş. KİRA SERTİFİKALARI KATILIM GİRİŞİM SERMAYESİ YATIRIM FONU","3,2560","9,6850","23,4329","12,3893","54,2153","113,3387","-"
"HMD","HEDEF PORTFÖY YÖNETİMİ A.Ş. MÜSTAKİL ÖZEL GİRİŞİM SERMAYESİ YATIRIM FONU","3,2707","9,8451","23,0059","13,1048","53,2640","-","-"
"BVG","BV PORTFÖY YÖNETİMİ A.Ş. BOĞAZİÇİ VENTURES GİRİŞİM SERMAYESİ YATIRIM FONU","0,0225","0,9376","31,7883","0,7340","53,0317","313,4257","-"
"ZR1","ZİRAAT PORTFÖY YÖNETİMİ A.Ş. FONLABÜYÜSÜN GİRİŞİM SERMAYESİ YATIRIM FONU","2,3215","6,8698","24,9132","8,4440","52,4369","-","-"
"OGE","OMURGA GAYRİMENKUL VE GİRİŞİM SERMAYESİ PORTFÖY YÖNETİMİ A.Ş. GEOMETRİ MELEK GİRİŞİM SERMAYESİ YATIRIM FONU","-1,0093","-2,3070","64,0661","0,6873","52,1053","-","-"
"NPG","NEO PORTFÖY YÖNETİMİ A.Ş.TEKSTİL SANAYİ GİRİŞİM SERMAYESİ YATIRIM FONU","-0,0375","-0,1338","23,1318","15,7774","51,3267","121,9821","-"
"LC3","LETVEN CAPİTAL GİRİŞİM SERMAYESİ PORTFÖY YÖNETİMİ A.Ş. GENIUS GİRİŞİM SERMAYESİ YATIRIM FONU","3,3973","9,8351","21,7380","12,6702","51,0491","-","-"
"NEP","NEO PORTFÖY YÖNETİMİ A.Ş.PERGE GİRİŞİM SERMAYESİ YATIRIM FONU","1,2062","3,6679","7,5820","4,4432","50,4757","-","-"
"III","İSTANBUL PORTFÖY YÖNETİMİ A.Ş. DİJİTAL SPOR VE MEDYA YATIRIMLARI GİRİŞİM SERMAYESİ YATIRIM FONU","0,5827","6,5987","50,1337","7,4341","50,3292","-","-"
"KCG","KIZILAY GAYRİMENKUL VE GİRİŞİM SERMAYESİ PORTFÖY YÖNETİMİ A.Ş. ETKİ YATIRIM GİRİŞİM SERMAYESİ YATIRIM FONU","-0,3007","-0,7054","42,2500","-0,8144","49,1522","-","-"
"AZ5","ARZ GAYRİMENKUL VE GİRİŞİM SERMAYESİ PORTFÖY YÖNETİMİ A.Ş. ÜÇÜNCÜ GİRİŞİM SERMAYESİ YATIRIM FONU","0,1571","2,2995","11,6642","0,5719","49,0639","523,8652","2.690,2200"
"RTN","ROTA PORTFÖY YÖNETİMİ A.Ş. TEKNOLOJİ GİRİŞİM SERMAYESİ YATIRIM FONU","1,9463","7,7929","20,6695","8,4284","48,9043","-","-"
"KBG","KIZILAY GAYRİMENKUL VE GİRİŞİM SERMAYESİ PORTFÖY YÖNETİMİ A.Ş. BİRİNCİ GİRİŞİM SERMAYESİ YATIRIM FONU","-0,0528","-0,1491","44,6845","-0,1679","48,4560","227,9791","651,8721"
"PEG","ALBARAKA PORTFÖY YÖNETİMİ A.Ş.İNOVASYON GİRİŞİM SERMAYESİ YATIRIM FONU","-0,5448","-0,2618","48,3851","-0,1280","48,3480","219,1079","-"
"HYL","HEDEF PORTFÖY YÖNETİMİ A.Ş. WEPLAY GİRİŞİM SERMAYESİ YATIRIM FONU","6,4866","17,1370","40,2921","22,8939","48,1384","-","-"
"IGI","İSTANBUL PORTFÖY BOSPHORİST GİRİŞİM SERMAYESİ YATIRIM FONU","-0,1448","-0,4084","47,8876","-0,5369","47,2491","236,1419","713,4454"
"REA","RE-PIE PORTFÖY YÖNETİMİ A.Ş. ÜÇÜNCÜ KARMA GİRİŞİM SERMAYESİ  YATIRIM FONU","9,5535","11,9922","38,3136","12,7997","46,8864","902,6714","-"
"KTY","KUVEYT TÜRK PORTFÖY YÖNETİMİ A.Ş. TEKNOGİRİŞİM GİRİŞİM SERMAYESİ YATIRIM FONU","-0,2353","-0,7128","48,5468","-1,2198","46,7268","154,6948","590,3123"
"REK","RE-PIE PORTFÖY YÖNETİMİ A.Ş.SEKİZİNCİ KARMA GİRİŞİM SERMAYESİ YATIRIM FONU","1,0406","1,2455","23,3516","0,7770","46,6549","6.302,9146","-"
"HBG","HEDEF PORTFÖY YÖNETİMİ A.Ş. BİRİKİM GİRİŞİM SERMAYESİ YATIRIM FONU","12,6289","-28,7655","8,8413","-24,0269","46,6412","207,1922","-"
"IRD","İSTANBUL PORTFÖY YÖNETİMİ A.Ş. 4 MEVSİM GİRİŞİM SERMAYESİ YATIRIM FONU","-0,0145","-0,0396","46,4995","-0,0466","46,3913","171,6509","-"
"MBB","AKTİF PORTFÖY YÖNETİMİ A.Ş. BUKET GİRİŞİM SERMAYESİ YATIRIM FONU","1,9829","4,1344","27,3577","5,2547","46,2976","275,5675","403,1208"
"INJ","ALBARAKA PORTFÖY YÖNETİMİ A.Ş. İNSHA GİRİŞİM SERMAYESİ YATIRIM FONU","-0,4051","0,0189","47,0494","0,3067","46,0824","-","-"
"PHG","ALBARAKA PORTFÖY YÖNETİMİ A.Ş. METROPOL GİRİŞİM SERMAYESİ YATIRIM FONU","1,8578","7,7288","20,7236","10,5030","45,7705","-","-"
"AIV","ARZ GAYRİMENKUL VE GİRİŞİM SERMAYESİ PORTFÖY YÖNETİMİ A.Ş. BİRİNCİ GİRİŞİM SERMAYESİ YATIRIM FONU","0,3104","0,7572","42,9710","0,9973","45,5570","124,3491","725,1200"
"STO","AKTİF PORTFÖY YÖNETİMİ A.Ş. STARTUPFON OPPORTUNITY GİRİŞİM SERMAYESİ YATIRIM FONU","3,4423","9,7481","19,3613","12,5316","44,4494","-","-"
"PJG","ALBARAKA PORTFÖY YÖNETİMİ  A.Ş. OSTİM GİRİŞİM SERMAYESİ YATIRIM FONU","2,1238","7,2357","30,1614","8,4411","44,2863","173,7710","-"
"NPF","NEO PORTFÖY YÖNETİMİ A.Ş. YAŞAM TEKNOLOJİLERİ GİRİŞİM SERMAYESİ YATIRIM FONU","-0,2697","-0,4563","45,8435","15,8301","44,1667","148,1133","-"
"RGM","RE-PIE PORTFÖY YÖNETİMİ A.Ş. STARTUP-1 GİRİŞİM SERMAYESİ YATIRIM FONU","0,2187","1,9626","44,3155","1,4222","44,1632","-","-"
"LC2","LETVEN CAPİTAL GİRİŞİM SERMAYESİ PORTFÖY YÖNETİMİ A.Ş. RETİNA GİRİŞİM SERMAYESİ YATIRIM FONU","2,2848","7,6289","18,7471","10,2739","43,2794","-","-"
"NPB","NUROL PORTFÖY YÖNETİMİ A.Ş. İKİNCİ GİRİŞİM SERMAYESİ YATIRIM FONU","1,6404","3,2351","35,7866","4,3079","43,0092","18,9457","-"
"ILV","İSTANBUL PORTFÖY YÖNETİMİ A.Ş. L2G VENTURES GİRİŞİM SERMAYESİ YATIRIM FONU","0,5117","6,4911","37,8114","7,2554","42,8849","-","-"
"RR2","RE-PIE PORTFÖY YÖNETİMİ A.Ş. BİRİNCİ KARMA TEKNOLOJİ GİRİŞİM SERMAYESİ YATIRIM FONU","0,9608","2,3888","35,7240","2,5388","42,2831","183,7348","-"
"SGL","ALBARAKA PORTFÖY YÖNETİMİ A.Ş. SGLOBE GİRİŞİM SERMAYESİ YATIRIM FONU","-0,2189","1,1074","38,0136","1,8478","41,7891","-","-"
"PIG","ALBARAKA PORTFÖY YÖNETİMİ A.Ş. YAZILIM TEKNOLOJİLERİ GİRİŞİM SERMAYESİ YATIRIM FONU","3,1492","9,3028","22,8158","11,8682","41,7172","46,2446","-"
"RMG","RE-PIE PORTFÖY YÖNETİMİ A.Ş. MG ÖZEL GİRİŞİM SERMAYESİ YATIRIM FONU","3,2049","3,7727","12,6585","4,0024","41,5823","-","-"
"AK5","AK PORTFÖY YÖNETİMİ A.Ş. AKBANK VENTURE BUİLDER ÖZEL GİRİŞİM SERMAYESİ YATIRIM FONU","0,3808","3,2315","36,5818","4,4402","41,5576","-","-"
"YE2","24 GAYRİMENKUL VE GİRİŞİM SERMAYESİ PORTFÖY YÖNETİMİ A.Ş. ALFA GİRİŞİM SERMAYESİ YATIRIM FONU","0,3609","8,4019","37,4828","9,0746","41,5176","213,5694","-"
"FGO","FONERİA PORTFÖY YÖNETİMİ A.Ş. FONGOGO VENTURES GİRİŞİM SERMAYESİ YATIRIM FONU","-0,3062","1,2946","46,6903","2,0176","41,2366","-","-"
"R3P","ROTA PORTFÖY YÖNETİMİ A.Ş. 3DOTS GİRİŞİM SERMAYESİ YATIRIM FONU","0,0288","0,4514","42,1366","6,4350","41,1014","-","-"
"NPU","NEO PORTFÖY YÖNETİMİ A.Ş. CO-INVESTMENT 1 GİRİŞİM SERMAYESİ YATIRIM FONU","5,8117","15,3409","34,3603","15,9223","40,9001","-","-"
"OYR","ALBARAKA PORTFÖY YÖNETİMİ A.Ş. KATILIM TEKNOLOJİ GİRİŞİM SERMAYESİ YATIRIM FONU","1,0897","3,1976","11,8523","4,0792","40,5594","121,1050","-"
"THC","AZİMUT PORTFÖY YÖNETİMİ A.Ş. LCP BİRİNCİ GİRİŞİM SERMAYESİ YATIRIM FONU","1,0366","4,7444","16,3643","5,5857","40,3827","-","-"
"MGS","MAXIS GİRİŞİM SERMAYESİ PORTFÖY YÖNETİMİ A.Ş. YENİLİKÇİ GİRİŞİM SERMAYESİ YATIRIM FONU","0,0663","0,1630","40,0874","0,1674","40,0142","278,1029","510,5571"
"HAN","HEDEF PORTFÖY YÖNETİMİ A.Ş. İLERİ TEKNOLOJİLER AR-GE GİRİŞİM SERMAYESİ YATIRIM FONU","0,0218","0,0356","8,7055","0,2710","39,6449","-","-"
"PGG","ALBARAKA PORTFÖY YÖNETİMİ A.Ş. T3 GİRİŞİM SERMAYESİ YATIRIM FONU","2,3664","8,3361","14,9895","7,9888","39,5583","21,8129","-"
"MPT","AKTİF PORTFÖY YÖNETİMİ A.Ş. AKTİF VENTURES GİRİŞİM SERMAYESİ YATIRIM FONU","-0,1936","-0,5529","40,2584","-0,7478","39,4001","383,8690","-"
"KKG","KUVEYT TÜRK PORTFÖY YÖNETİMİ A.Ş. KOBİ GİRİŞİM SERMAYESİ YATIRIM FONU","2,0876","5,8933","21,9341","7,6883","39,3782","186,4322","-"
"ACG","İSTANBUL PORTFÖY YÖNETİMİ A.Ş. ACTUS GAZİANTEP PPP ENTEGRE SAĞLIK KAMPÜSÜ GİRİŞİM SERMAYESİ YATIRIM FONU","9,3535","23,1308","24,9995","25,0007","39,2051","247,4217","714,4974"
"ILT","İŞ PORTFÖY YÖNETİMİ A.Ş. DİJİTAL TEKNOLOJİLER GİRİŞİM SERMAYESİ YATIRIM FONU","0,7388","6,9613","23,2843","7,8533","38,9672","-","-"
"PBV","ALBARAKA PORTFÖY YÖNETİMİ A.Ş. BİLİŞİM VADİSİ GİRİŞİM SERMAYESİ YATIRIM FONU","0,5141","3,9994","33,4353","4,6363","38,9546","195,3360","-"
"CTY","ALBARAKA PORTFÖY YÖNETİMİ A.Ş. START- UP GİRİŞİM SERMAYESİ YATIRIM FONU","1,3458","5,8696","26,8934","6,3922","38,5967","273,3606","-"
"EFU","PARDUS PORTFÖY YÖNETİMİ A.Ş. EXPANSION FUNDING GİRİŞİM SERMAYESİ YATIRIM FONU","5,0432","-4,3352","74,1379","-4,4761","38,0497","-","-"
"GLY","FONERİA PORTFÖY YÖNETİMİ A.Ş. ALKİMA GİRİŞİM SERMAYESİ YATIRIM FONU","0,0704","-2,0840","21,5448","-3,2512","38,0448","-","-"
"PYV","İSTANBUL PORTFÖY YÖNETİMİ A.Ş. İKİNCİ LOGO VENTURES GİRİŞİM SERMAYESİ YATIRIM FONU","0,9880","6,5951","31,5925","7,5864","37,8335","344,3889","-"
"PG5","ALBARAKA PORTFÖY YÖNETİMİ A.Ş. TURİZM GİRİŞİM SERMAYESİ YATIRIM FONU","-0,1307","5,4899","13,9498","6,8173","36,8449","-","-"
"RZG","RE-PIE PORTFÖY YÖNETİMİ A.Ş.ZİNCİR MAĞAZACILIK GİRİŞİM SERMAYESİ YATIRIM FONU","26,1098","55,1399","68,2866","45,5531","36,0254","-","-"
"YD8","24 GAYRİMENKUL VE GİRİŞİM SERMAYESİ PORTFÖY YÖNETİMİ A.Ş. E-TİCARET GİRİŞİM SERMAYESİ YATIRIM FONU","-0,2455","-0,8436","37,7893","-1,9971","35,9775","246,3658","-"
"PII","ALBARAKA PORTFÖY YÖNETİMİ A.Ş. MEDİLA GİRİŞİM SERMAYESİ YATIRIM FONU","-0,1087","-0,4437","36,6359","-0,4307","35,8821","172,4627","-"
"NG9","NEO PORTFÖY YÖNETİMİ A.Ş İTK VENTURES GİRİŞİM SERMAYESİ YATIRIM FONU","3,9684","10,4189","29,6128","12,1204","35,7160","-","-"
"BZG","AURA PORTFÖY YÖNETİMİ A.Ş. B4YO BİRİNCİ GİRİŞİM SERMAYESİ YATIRIM FONU","-0,2915","-0,4271","17,3056","-0,4841","35,2141","105,8400","-"
"TZS","TERA PORTFÖY YÖNETİMİ A.Ş. TECH İNVEST TEKNOLOJİ GİRİŞİM SERMAYESİ YATIRIM FONU","0,4399","5,9926","36,9008","5,8271","35,0985","-","-"
"YE8","24 GAYRİMENKUL VE GİRİŞİM SERMAYESİ PORTFÖY YÖNETİMİ A.Ş. PREMİUM GİRİŞİM SERMAYESİ YATIRIM FONU","0,5208","8,3210","17,4165","9,2204","34,6631","-","-"
"NBY","QNB PORTFÖY YÖNETİMİ A.Ş. QNBEYOND GİRİŞİM SERMAYESİ YATIRIM FONU","-0,0700","0,1072","34,8189","0,0529","34,4358","1.006,3042","-"
"MDT","İSTANBUL PORTFÖY YÖNETİMİ A.Ş. MEDİTERRA 3 GİRİŞİM SERMAYESİ YATIRIM FONU","6,6946","25,6804","26,0223","27,5894","34,4000","-","-"
"ITT","İSTANBUL PORTFÖY YÖNETİMİ A.Ş. TT VENTURES GİRİŞİM SERMAYESİ YATIRIM FONU","1,3316","6,6340","23,2999","7,9080","34,2801","-","-"
"SEC","RE-PIE PORTFÖY YÖNETİMİ A.Ş. SECONDARY GİRİŞİM SERMAYESİ YATIRIM FONU","26,1711","33,3051","57,7778","24,3963","34,2335","-","-"
"UCS","PARDUS PORTFÖY YÖNETİMİ A.Ş. ÜÇÜNCÜ GİRİŞİM SERMAYESİ YATIRIM FONU","37,2283","42,7919","92,7222","54,9847","33,8528","-","-"
"RIZ","ROTA PORTFÖY YÖNETİMİ A.Ş. İŞ ZEKASI YAZILIMLARI GİRİŞİM SERMAYESİ YATIRIM FONU","0,3233","0,8707","31,9324","1,0100","33,4035","-","-"
"KUG","İSTANBUL PORTFÖY YÖNETİMİ A.Ş. KÜLTEPE GİRİŞİM SERMAYESİ YATIRIM FONU","-0,0250","5,2904","30,7146","5,6988","33,2138","-","-"
"GG2","FONERİA PORTFÖY YÖNETİMİ A.Ş. İKİNCİ GİRİŞİM SERMAYESİ YATIRIM FONU","0,0063","-0,0213","32,3372","-0,0684","32,9917","-","-"
"KLG","KUVEYT TÜRK PORTFÖY YÖNETİMİ A.Ş. LONCA GİRİŞİM SERMAYESİ YATIRIM FONU","0,8646","-3,9999","23,1026","-3,2861","32,4991","207,8477","-"
"LLI","ALLBATROSS PORTFÖY YÖNETİMİ A.Ş. İKİNCİ GİRİŞİM SERMAYESİ YATIRIM FONU","-0,0250","20,7760","32,8642","20,7677","32,4213","-","-"
"LC4","LETVEN CAPİTAL GİRİŞİM SERMAYESİ PORTFÖY YÖNETİMİ A.Ş. CODE GİRİŞİM SERMAYESİ YATIRIM FONU","-0,6266","-0,4908","30,0211","-0,7064","32,2318","-","-"
"FBG","FİBA PORTFÖY YÖNETİMİ A.Ş. BİRİNCİ GİRİŞİM SERMAYESİ YATIRIM FONU","0,5317","5,2480","25,4520","7,0219","32,0878","-","-"
"GO5","FONERİA PORTFÖY YÖNETİMİ A.Ş. BİRİNCİ GİRİŞİM SERMAYESİ YATIRIM FONU","0,0003","0,0930","19,5811","0,3796","31,8596","-","-"
"PTV","İSTANBUL PORTFÖY YÖNETİMİ A.Ş. TWOZERO VENTURES GİRİŞİM SERMAYESİ YATIRIM FONU","3,6909","8,4274","27,0296","9,5969","31,4122","302,7344","1.107,1570"
"OJG","OYAK PORTFÖY YÖNETİMİ A.Ş. BEŞİNCİ GİRİŞİM SERMAYESİ YATIRIM FONU","-0,0841","-0,2530","31,9803","-0,3134","31,3456","963,1106","-"
"MGR","MAXİS GİRİŞİM SERMAYESİ PORTFÖY YÖNETİMİ A.Ş. ATLAS BÜYÜME SERMAYESİ GİRİŞİM SERMAYESİ YATIRIM FONU","1,5481","4,9087","17,0976","6,0896","31,2781","87,6512","-"
"UAR","ÜNLÜ PORTFÖY YÖNETİMİ A.Ş. ARGE GİRİŞİM SERMAYESİ YATIRIM FONU","1,9078","8,2914","18,4746","10,3917","31,1026","-","-"
"TOG","ATLAS PORTFÖY YÖNETİMİ A.Ş.TEKNOLOJİ ODAKLI GİRİŞİM SERMAYESİ YATIRIM FONU","-0,4740","-1,5264","28,7688","-1,7846","31,0230","-","-"
"IV3","INVEO PORTFÖY YÖNETİMİ A.Ş. INVEO VENTURES CO-INVESTMENT GİRİŞİM SERMAYESİ YATIRIM FONU","0,5244","1,4049","21,2166","2,0122","30,8665","-","-"
"MGK","MAXİS GİRİŞİM SERMAYESİ PORTFÖY YÖNETİMİ A.Ş. TSKB GİRİŞİM SERMAYESİ YATIRIM FONU","-0,0922","-0,1456","15,9185","-0,1285","30,6350","-","-"
"MGV","MAXİS GİRİŞİM SERMAYESİ PORTFÖY YÖNETİMİ A.Ş. MAXİS VENTURES GİRİŞİM SERMAYESİ YATIRIM FONU","1,4053","5,4948","17,8724","6,8086","29,5847","-","-"
"PYT","İSTANBUL PORTFÖY YÖNETİMİ A.Ş. TECHONE GİRİŞİM SERMAYESİ YATIRIM FONU","2,2086","5,3549","23,4607","6,2116","28,0265","394,2660","-"
"RST","ROTA PORTFÖY YÖNETİMİ A.Ş SAĞLIK TEKNOLOJİLERİ GİRİŞİM SERMAYESİ YATIRIM FONU","-0,0505","-0,1634","26,8677","-0,1911","28,0017","-","-"
"CVT","AZİMUT PORTFÖY YÖNETİMİ AŞ CVENTURES GİRİŞİM SERMAYESİ YATIRIM FONU","1,4200","3,8183","24,6058","4,7912","27,2476","-","-"
"RR3","RE-PIE PORTFÖY YÖNETİMİ A.Ş. FİNBERG YILDIZ GİRİŞİM SERMAYESİ YATIRIM FONU","0,5775","6,1387","5,6284","6,9342","27,1513","-59,0158","-"
"PFG","ALBARAKA PORTFÖY YÖNETİMİ A.Ş. FİNTECH GİRİŞİM SERMAYESİ YATIRIM FONU","-0,0958","5,0171","28,0969","6,9077","26,7640","291,7315","612,4453"
"SBG","AURA PORTFÖY YÖNETİMİ A.Ş. SAĞLIK VE BİYOTEKNOLOJİ GİRİŞİM SERMAYESİ YATIRIM FONU","1,3695","4,4273","10,9338","6,1539","26,1192","-","-"
"AK4","AK PORTFÖY YÖNETİMİ A.Ş. BİRİNCİ TEKNOLOJİ GİRİŞİM SERMAYESİ YATIRIM FONU","2,7505","9,1908","15,3605","10,5464","25,9183","-","-"
"RYK","RE-PIE PORTFÖY YÖNETİMİ A.Ş. ONÜÇÜNCÜ KARMA GİRİŞİM SERMAYESİ YATIRIM FONU","-0,2780","-16,8026","26,1680","-14,6516","25,7772","-","-"
"YLH","YAPI KREDİ PORTFÖY YÖNETİMİ A.Ş. KOÇ TOPLULUĞU ŞİRKETLERİ BİRİNCİ ÖZEL GİRİŞİM SERMAYESİ YATIRIM FONU","0,8625","3,7445","17,7780","4,3646","25,7731","-","-"
"IRP","İŞ PORTFÖY YÖNETİMİ A.Ş. AGRO GİRİŞİM SERMAYESİ YATIRIM FONU","0,7530","3,0752","21,5851","3,8445","25,6654","-","-"
"PCP","QİNVEST PORTFÖY YÖNETİMİ A.Ş. PRAGMA CAPİTAL PARTNERS TEKNOLOJİ FIRSATLARI GİRİŞİM SERMAYESİ YATIRIM FONU","-0,2738","1,2856","26,2966","0,9245","24,9533","-","-"
"MGF","MAXİS GİRİŞİM SERMAYESİ PORTFÖY YÖNETİMİ A.Ş. ARYA GİRİŞİM SERMAYESİ YATIRIM FONU","0,0045","2,0233","22,9509","2,3435","24,6076","-","-"
"BYF","ARZ GAYRİMENKUL VE GİRİŞİM SERMAYESİ PORTFÖY YÖNETİMİ A.Ş. STARTUPFON TOHUM GİRİŞİM SERMAYESİ YATIRIM FONU","2,4077","4,5349","9,5917","4,9642","24,4564","-","-"
"ITH","İSTANBUL PORTFÖY YÖNETİMİ A.Ş. ONE LİFE VENTURES GİRİŞİM SERMAYESİ YATIRIM FONU","0,6060","6,6866","19,6878","7,4000","24,4379","294,6802","-"
"KOG","KUVEYT TÜRK PORTFÖY YÖNETİMİ A.Ş. NEOVA KATILIM SİGORTA ÖZEL GİRİŞİM SERMAYESİ YATIRIM FONU","0,9150","2,4802","21,0824","1,8057","23,8750","105,4097","-"
"HDG","HEDEF PORTFÖY YÖNETİMİ A.Ş. DEĞER GİRİŞİM SERMAYESİ YATIRIM FONU","-0,1274","-0,4214","23,5841","-0,5127","23,7415","2.383,2442","-"
"ZTA","ZİRAAT PORTFÖY YÖNETİMİ A.Ş. BİRİNCİ GİRİŞİM SERMAYESİ YATIRIM FONU","0,5773","2,8346","12,6470","3,6000","23,4227","-","-"
"RP8","RE-PIE PORTFÖY YÖNETİM A.Ş. TEKNOLOJİ GİRİŞİM SERMAYESİ YATIRIM FONU","0,0954","0,1737","22,1669","-0,0965","23,3278","251,6062","629,8394"
"OAG","OMURGA GAYRİMENKUL VE GİRİŞİM SERMAYESİ PORTFÖY YÖNETİMİ A.Ş. DİGİTAL TRANSFORMATİON GİRİŞİM SERMAYESİ YATIRIM FONU","0,7042","7,0069","20,0113","7,9276","23,2498","108.779,0980","-"
"YE1","24 GAYRİMENKUL VE GİRİŞİM SERMAYESİ PORTFÖY YÖNETİM A.Ş. DİJİTAL TEKNOLOJİ GİRİŞİM SERMAYESİ YATIRIM FONU","-0,1320","-0,3752","24,0694","-0,5064","23,1996","33,3484","-"
"YE5","24 GAYRİMENKUL VE GİRİŞİM SERMAYESİ PORTFÖY YÖNETİMİ A.Ş. NOONTECH GİRİŞİM SERMAYESİ YATIRIM FONU","0,0396","1,3462","34,2919","1,3637","23,1357","171,3262","-"
"KGI","KALKINMA GİRİŞİM SERMAYESİ PORTFÖY YÖNETİMİ A.Ş.KALKINMA KATILIM GİRİŞİM SERMAYESİ YATIRIM FONU","0,4482","3,4870","20,3520","3,1947","22,7996","-85,8584","-"
"RTT","ROTA PORTFÖY YÖNETİMİ A.Ş. TTGV GİRİŞİM SERMAYESİ YATIRIM FONU","1,0653","8,1367","13,6608","9,3495","22,6668","-","-"
"MAI","MAXİS GİRİŞİM SERMAYESİ PORTFÖY YÖNETİMİ A.Ş. TEMİZ ENERJİ GİRİŞİM SERMAYESİ YATIRIM FONU","3,2163","9,4371","17,2415","12,2193","22,5866","91,6852","210,0479"
"NSG","NEO PORTFÖY YÖNETİMİ A.Ş. SİMYA 1 GİRİŞİM SERMAYESİ YATIRIM FONU","0,4027","2,7974","19,9354","2,9633","22,4674","-","-"
"DYF","OMURGA GAYRİMENKUL VE GİRİŞİM SERMAYESİ PORTFÖY YÖNETİMİ A.Ş DBE GİRİŞİM SERMAYESİ YATIRIM FONU","-0,0436","-0,1405","22,5047","1,4154","22,2055","-","-"
"REL","RE-PIE PORTFÖY YÖNETİMİ A.Ş. TATİL SEPETİ GİRİŞİM SERMAYESİ YATIRIM FONU","-1,4627","-0,1994","21,9762","-0,3317","20,9213","-","-"
"ZTC","ZİRAAT PORTFÖY YÖNETİMİ A.Ş. İKİNCİ KATILIM GİRİŞİM SERMAYESİ YATIRIM FONU","1,0027","3,0760","17,0353","4,0924","20,9046","-","-"
"HPM","HEDEF PORTFÖY YÖNETİMİ A.Ş. KIYMET GİRİŞİM SERMAYESİ YATIRIM FONU","-0,0021","-0,0446","1,7546","-0,0572","20,8643","-","-"
"AR1","ARZ GAYRİMENKUL VE GİRİŞİM SERMAYESİ PORTFÖY YÖNETİMİ A.Ş. BEŞİNCİ GİRİŞİM SERMAYESİ YATIRIM FONU","-1,7484","0,2606","14,7267","-0,7532","20,7669","156,4095","-"
"YE4","24 GAYRİMENKUL VE GİRİŞİM SERMAYESİ PORTFÖY YÖNETİMİ A.Ş. SİGMA GİRİŞİM SERMAYESİ YATIRIM FONU","0,0884","4,9341","17,3533","1,9834","20,6523","56,5204","-"
"PG7","ALBARAKA PORTFÖY YÖNETİMİ A.Ş. İKİNCİ KARMA GİRİŞİM SERMAYESİ YATIRIM FONU","-2,9457","-3,0004","20,4587","-2,8783","20,6248","-","-"
"AR8","ARZ GAYRİMENKUL VE GİRİŞİM SERMAYESİ PORTFÖY YÖNETİMİ A.Ş. STARTUPCENTRUM ALPHA GİRİŞİM SERMAYESİ YATIRIM FONU","3,3076","6,5836","12,8020","8,3591","20,5015","-","-"
"RR5","RE-PIE PORTFÖY YÖNETİMİ A.Ş. ARF GİRİŞİM SERMAYESİ YATIRIM FONU","0,1753","1,1256","18,3747","0,7725","20,0254","140,9167","-"
"TUS","TERA PORTFÖY YÖNETİMİ A.Ş. GAME İNVEST GİRİŞİM SERMAYESİ YATIRIM FONU","0,4475","8,0173","54,2183","8,1258","19,9557","-","-"
"YHG","YAPI KREDİ PORTFÖY YÖNETİMİ A.Ş. FRWRD BİRİNCİ GİRİŞİM SERMAYESİ YATIRIM FONU","1,5147","7,6486","12,4742","8,7116","19,4966","-","-"
"REC","RE-PIE PORTFÖY YÖNETİMİ A.Ş. ARDVENTURE KARMA GİRİŞİM SERMAYESİ YATIRIM FONU","1,7723","8,3219","15,1042","7,3688","19,4164","109,0012","-"
"KGK","KALKINMA GİRİŞİM SERMAYESİ PORTFÖY YÖNETİMİ A.Ş.YENİLİKÇİ VE İLERİ TEKNOLOJİLER KATILIM GİRİŞİM SERMAYESİ YATIRIM FONU","0,9144","7,0866","13,1790","7,6130","18,9230","-82,7067","-"
"KG1","KALKINMA GİRİŞİM SERMAYESİ PORTFÖY YÖNETİMİ A.Ş. KALKINMA ODTÜ TEKNOKENT GİRİŞİM SERMAYESİ YATIRIM FONU","1,0373","7,5757","13,3406","7,3208","18,7131","-","-"
"VVG","NEO PORTFÖY YÖNETİMİ A.Ş. NEXT PROPTECH GİRİŞİM SERMAYESİ YATIRIM FONU","-0,2452","-0,8083","19,1582","-1,0328","18,6596","39,9083","-"
"IUG","AK PORTFÖY YÖNETİMİ A.Ş. ÜÇÜNCÜ GİRİŞİM SERMAYESİ YATIRIM FONU","0,8199","6,7942","11,1460","7,8278","18,4827","90,2660","-"
"TGC","TACİRLER PORTFÖY GELECEK ETKİ GİRİŞİM SERMAYESİ FONU","0,1031","4,6076","19,7283","4,5461","18,3787","-","-"
"RGA","RE-PIE PORTFÖY PORTFÖY YÖNETİMİ A.Ş. ARTNOUVE GİRİŞİM SERMAYESİ YATIRIM FONU","0,7624","1,1560","16,7306","1,1054","18,3228","-","-"
"BEG","INVEO PORTFÖY YÖNETİMİ A.Ş. EKSİM VENTURES GİRİŞİM SERMAYESİ YATIRIM FONU","1,8859","5,3785","16,1097","6,4168","17,9018","239,5865","-"
"RE1","RE-PIE PORTFÖY YÖNETİMİ A.Ş. MODANİSA GİRİŞİM SERMAYESİ YATIRIM FONU","0,2437","-0,0925","19,4477","-0,3323","17,5270","-","-"
"PG8","ALBARAKA PORTFÖY YÖNETİMİ A.Ş. YENİLENEBİLİR ENERJİ VE TEKNOLOJİ GİRİŞİM SERMAYESİ YATIRIM FONU","0,4759","5,9328","13,1151","6,8945","17,5201","-","-"
"RR6","RE-PIE PORTFÖY YÖNETİMİ A.Ş. FİBA FIRSAT GİRİŞİM SERMAYESİ YATIRIM FONU","0,2738","1,2513","10,0873","4,6615","17,2912","172,4704","-"
"YE7","24 GAYRİMENKUL VE GİRİŞİM SERMAYESİ PORTFÖY YÖNETİMİ A.Ş. PLATİNUM GİRİŞİM SERMAYESİ YATIRIM FONU","0,0964","2,5532","17,4831","5,2594","16,8550","-","-"
"RR9","RE-PIE PORTFÖY YÖNETİMİ A.Ş. EASYCEP GİRİŞİM SERMAYESİ YATIRIM FONU","0,6659","7,4946","8,4672","9,1873","16,6350","161,0729","-"
"OGB","OYAK PORTFÖY YÖNETİMİ A.Ş. ÜÇÜNCÜ GİRİŞİM SERMAYESİ YATIRIM FONU","-0,0477","-0,1281","16,7186","-0,1602","16,3612","623,9759","-"
"IAG","İŞ PORTFÖY YÖNETİMİ A.Ş. ALTYAPI GİRİŞİM SERMAYESİ YATIRIM FONU","0,6460","6,7310","9,5914","7,6413","16,1619","334,7866","956,6969"
"NRF","FONERİA PORTFÖY YÖNETİMİ A.Ş. NAR GİRİŞİM SERMAYESİ YATIRIM FONU","0,1729","-0,1730","17,3075","-0,2701","15,8100","-","-"
"RTF","RE-PIE PORTFÖY YÖNETİMİ A.Ş. COLENDİ GİRİŞİM SERMAYESİ YATIRIM FONU","0,2459","6,5429","10,4582","7,1444","15,3134","142,1239","-"
"AGN","AK PORTFÖY YÖNETİMİ A.Ş.BİRİNCİ GİRİŞİM SERMAYESİ YATIRIM FONU","2,6791","10,3428","10,9633","11,9478","15,3133","370,4361","775,3232"
"TAV","AK PORTFÖY YÖNETİMİ A.Ş.AGESA EMEKLİLİK TEKNOLOJİ GİRİŞİM SERMAYESİ YATIRIM FONU","3,6658","11,3004","8,4311","12,0404","15,3119","189,3874","-"
"EDV","PARDUS PORTFÖY YÖNETİMİ A.Ş. ALTINCI GİRİŞİM SERMAYESİ YATIRIM FONU","11,2352","0,6749","1,4267","-0,8065","15,0840","-","-"
"RR8","RE-PIE PORTFÖY YÖNETİM A.Ş. DÖRDÜNCÜ KARMA GİRİŞİM SERMAYESİ YATIRIM FONU","1,4544","6,9794","12,3094","7,5029","14,9914","6,5449","-"
"MPA","MAXİS GİRİŞİM SERMAYESİ PORTFÖY YÖNETİMİ A.Ş. FOUNDER ONE GİRİŞİM SERMAYESİ YATIRIM FONU","-0,0378","0,7465","15,3062","0,2319","14,0862","-","-"
"BUG","INVEO PORTFÖY YÖNETİMİ A.Ş. INVEO VENTURES SPARK GİRİŞİM SERMAYESİ YATIRIM FONU","0,6147","1,7424","11,7788","2,1659","13,9186","-","-"
"LDS","TERA PORTFÖY YÖNETİMİ A.Ş. LUDUS VENTURES GİRİŞİM SERMAYESİ YATIRIM FONU","0,7151","5,9295","10,5995","6,7281","13,6146","-","-"
"MAT","MAXİS GİRİŞİM SERMAYESİ PORTFÖY YÖNETİMİ A.Ş. T-FON GİRİŞİM SERMAYESİ YATIRIM FONU","0,9342","2,0406","16,3544","2,5336","13,5798","-","-"
"RKK","RE-PIE PORTFÖY YÖNETİMİ A.Ş. KATILIM KARMA GİRİŞİM SERMAYESİ YATIRIM FONU","1,1101","2,5666","14,7634","3,4724","13,4397","-","-"
"GG1","FONERİA PORTFÖY YÖNETİMİ A.Ş. ÜÇÜNCÜ GİRİŞİM SERMAYESİ YATIRIM FONU","-0,0593","-0,1779","13,8634","-0,3079","13,3959","-","-"
"MYU","MAXİS GİRİŞİM SERMAYESİ PORTFÖY YÖNETİMİ A.Ş. 100.YIL GİRİŞİM SERMAYESİ YATIRIM FONU","-0,0065","0,0762","12,6611","0,1049","12,9638","-","-"
"IET","İŞ PORTFÖY YÖNETİMİ A.Ş. YENİLENEBİLİR ENERJİ TEKNOLOJİLERİ GİRİŞİM SERMAYESİ YATIRIM FONU","0,7365","6,7039","6,0427","7,6483","12,6673","-","-"
"AZ9","ARZ GAYRİMENKUL VE GİRİŞİM SERMAYESİ PORTFÖY YÖNETİMİ A.Ş. DÖRDÜNCÜ GİRİŞİM SERMAYESİ YATIRIM FONU","1,4449","4,1747","9,1314","5,4280","12,5371","133,9470","-"
"RAG","RE-PIE PORTFÖY YÖNETİMİ A.Ş. TURKCELL YENİ TEKNOLOJİLER GİRİŞİM SERMAYESİ YATIRIM FONU","0,4724","1,9409","12,7238","2,1020","12,0812","-","-"
"RTL","RE-PIE PORTFÖY YÖNETİMİ A.Ş. TARIM TEKNOLOJİLERİ GİRİŞİM SERMAYESİ YATIRIM FONU","0,3949","0,2091","12,7295","0,0114","11,6754","-","-"
"ACF","İSTANBUL PORTFÖY YÖNETİMİ A.Ş. LOGO VENTURES GİRİŞİM SERMAYESİ YATIRIM FONU","0,7207","7,1202","5,9676","8,0447","11,3569","127,2661","433,3270"
"PIK","ALBARAKA PORTFÖY YÖNTEMİ A.Ş. V MALL İSTANBUL GİRİŞİM SERMAYESİ YATIRIM FONU","-0,2767","-0,2685","5,6079","-0,2768","11,1575","-","-"
"IYG","İŞ PORTFÖY A.Ş.YENİLENEBİLİR ENERJİ GİRİŞİM SERMAYESİ YATIRIM FONU","0,5412","6,5373","6,4992","7,3168","11,0346","261,5472","504,7624"
"AZ8","ARZ GAYRİMENKUL VE GİRİŞİM SERMAYESİ PORTFÖY YÖNETİMİ A.Ş. TEKNOGİRİŞİM GİRİŞİM SERMAYESİ YATIRIM FONU","0,1701","0,6331","6,5077","-1,8218","10,3956","-","-"
"PYZ","İSTANBUL PORTFÖY YÖNETİMİ A.Ş. ARTI GİRİŞİM SERMAYESİ YATIRIM FONU","0,3412","6,1489","6,5527","6,7593","10,0388","-","-"
"REP","RE-PIE PORTFÖY YÖNETİMİ A.Ş. ACE GAMES GİRİŞİM SERMAYESİ YATIRIM FONU","0,4664","0,1815","8,9796","-0,1034","9,8379","-","-"
"IN8","INVEO PORTFÖY YÖNETİMİ A.Ş. POLAT VENTURES GİRİŞİM SERMAYESİ YATIRIM FONU","1,0994","3,7783","5,0637","4,4011","9,7532","-","-"
"MYI","MAQASİD GAYRİMENKUL VE GİRİŞİM SERMAYESİ PORTFÖY YÖNETİMİ A.Ş.FONBULUCU GİRİŞİM SERMAYESİ YATIRIM FONU","-0,2693","-0,7159","11,5364","-0,8716","9,5596","80,4896","-"
"OAL","OYAK PORTFÖY YÖNETİMİ A.Ş. ALTINCI GİRİŞİM SERMAYESİ YATIRIM FONU","0,5844","1,2401","5,5117","1,6701","9,4728","-","-"
"LGC","LOGOS PORTFÖY YÖNETİMİ A.Ş. İNOVATİF TEKNOLOJİ GİRİŞİM SERMAYESİ YATIRIM FONU","-0,0236","5,5894","9,4764","6,6158","8,8851","-","-"
"FNF","FONEVA PORTFÖY YÖNETİMİ A.Ş. İKİNCİ GİRİŞİM SERMAYESİ YATIRIM FONU","-0,0348","-0,1254","10,3471","-0,1544","8,7184","-","-"
"MAE","MAXİS GİRİŞİM SERMAYESİ PORTFÖY YÖNETİMİ A.Ş. E-TİCARET GİRİŞİM SERMAYESİ YATIRIM FONU","-0,0736","-0,1251","7,9184","-0,1758","7,6651","64,9026","-"
"BYG","AK PORTFÖY YÖNETİMİ A.Ş.BİRİNCİ YENİLENEBİLİR ENERJİ GİRİŞİM SERMAYESİ YATIRIM FONU","0,7876","6,9534","11,6978","7,8957","7,4134","-","-"
"NPC","NUROL PORTFÖY YÖNETİMİ A.Ş. ÜÇÜNCÜ GİRİŞİM SERMAYESİ YATIRIM FONU","0,6032","0,4320","7,2492","0,4368","7,1100","66,5085","-"
"PRE","İSTANBUL PORTFÖY YÖNETİMİ A.Ş. PRE-IPO GİRİŞİM SERMAYESİ YATIRIM FONU","2,6207","1,4593","-5,8835","1,6377","6,5105","-69,4067","-"
"ABM","PARDUS PORTFÖY YÖNETİMİ A.Ş. PARDUS VİZYON GİRİŞİM SERMAYESİ YATIRIM FONU","-0,4053","-0,8099","6,5667","-0,8776","5,7464","-","-"
"ICI","AK PORTFÖY YÖNETIMI A.Ş.İKİNCİ GİRİŞİM SERMAYESİ YATIRIM FONU","1,6491","8,1148","10,7146","9,3546","5,6139","422,7818","604,9125"
"NPR","NEO PORTFÖY YÖNETİMİ A.Ş. BİRİNCİ GİRİŞİM SERMAYESİ YATIRIM FONU","-0,0086","-0,0154","5,6374","-0,0179","5,6064","-","-"
"OTG","OYAK PORTFÖY YÖNETİMİ A.Ş. TARIM VE GIDA ODAKLI GİRİŞİM SERMAYESİ YATIRIM FONU","-0,0792","-0,2210","5,9452","-0,2693","5,4333","364,7111","-"
"MRE","MAQASİD GAYRİMENKUL VE GİRİŞİM SERMAYESİ PORTFÖY YÖNETİMİ A.Ş. FONTAR GİRİŞİM SERMAYESİ YATIRIM FONU","-0,3775","-1,5375","8,3801","-1,5720","4,9706","-","-"
"RTK","RE-PIE PORTFÖY YÖNETİMİ A.Ş. PERAKENDE TEKNOLOJİLERİ GİRİŞİM SERMAYESİ YATIRIM FONU","0,1529","0,3164","45,0945","0,1669","4,6398","-","-"
"OSZ","OYAK PORTFÖY YÖNETİMİ A.Ş. SEKİZİNCİ GİRİŞİM SERMAYESİ YATIRIM FONU","0,0289","-0,0316","3,5437","0,2936","4,4138","-","-"
"ZG7","ARZ GAYRİMENKUL VE GİRİŞİM SERMAYESİ PORTFÖY YÖNETİMİ A.Ş. TEKNOPARK İSTANBUL YÜKSEK TEKNOLOJİ GİRİŞİM SERMAYESİ YATIRIM FONU","-0,8842","-2,6653","4,0762","1,0251","4,2623","-","-"
"MYP","AKTİF PORTFÖY YÖNETİMİ A.Ş. YAPRAK YENİLENEBİLİR ENERJİ GİRİŞİM SERMAYESİ YATIRIM FONU","0,0771","0,1939","-1,1084","0,1906","3,6513","142,0045","512,3440"
"OGR","OYAK PORTFÖY YÖNETİMİ A.Ş. BİRİNCİ GİRİŞİM SERMAYESİ YATIRIM FONU","-0,0588","-0,1810","4,1687","-0,2137","3,6377","49,4046","-"
"MFG","MAQASİD GAYRİMENKUL VE GİRİŞİM SERMAYESİ PORTFÖY YÖNETİMİ A.Ş. FONBULUCU GELECEK GİRİŞİM SERMAYESİ YATIRIM FONU","-0,4087","-1,0382","4,7218","-1,0960","2,5083","-","-"
"OGO","OYAK PORTFÖY YÖNETİMİ A.Ş. DÖRDÜNCÜ GİRİŞİM SERMAYESİ YATIRIM FONU","-0,0856","-0,2522","2,5199","-0,3027","2,1429","2,9715","-"
"HFT","HEDEF PORTFÖY YÖNETİMİ A.Ş. FONTR GİRİŞİM SERMAYESİ YATIRIM FONU","0,3336","1,0594","3,3710","1,2647","1,7716","-","-"
"OBK","OYAK PORTFÖY YÖNETİMİ A.Ş. YEDİNCİ GİRİŞİM SERMAYESİ YATIRIM FONU","-0,1060","-0,4074","0,9952","-0,4797","0,4098","-","-"
"PG6","ALBARAKA PORTFÖY YÖNETİMİ A.Ş. İKİNCİ KİRA SERTİFİKALARI KATILIM GİRİŞİM SERMAYESİ YATIRIM FONU","0,0000","0,0000","0,0000","0,0000","0,0000","-","-"
"NED","NEO PORTFÖY YÖNETİMİ A.Ş. DENGE GİRİŞİM SERMAYESİ YATIRIM FONU","-","-","-","-","0,0000","0,0000","-"
"OGT","OYAK PORTFÖY YÖNETİMİ A.Ş İKİNCİ GİRİŞİM SERMAYESİ YATIRIM FONU","-0,0443","-0,1717","-0,0653","-0,1940","-0,5368","15,9606","-"
"RPR","RE-PIE PORTFÖY YÖNETİMİ A.Ş. SİMİT SARAYI GİRİŞİM SERMAYESİ YATIRIM FONU","-1,2892","-1,3657","-1,4180","-1,4741","-1,0815","-","-"
"GIO","OMURGA GAYRİMENKUL VE GİRİŞİM SERMAYESİ PORTFÖY YÖNETİMİ A.Ş. GIO TEKNOLOJİ GİRİŞİM SERMAYESİ YATIRIM FONU","-0,0751","-0,2199","-0,4396","-0,2729","-1,1754","-","-"
"OFN","OYAK PORTFÖY YÖNETİMİ A.Ş. FİBA GELECEK GİRİŞİM SERMAYESİ YATIRIM FONU","-0,1828","-0,5038","-0,3302","-0,6628","-1,4396","158,4145","-"
"FOG","ALBARAKA PORTFÖY YÖNETİMİ A.Ş. FONANGELS GİRİŞİM SERMAYESİ YATIRIM FONU","1,9216","2,5934","-2,7987","-4,8253","-1,6820","-","-"
"RPF","RE-PIE PORTFÖY YÖNETİMİ A.Ş. PERAKENDE GİRİŞİM SERMAYESİ YATIRIM FONU","34,3954","37,2113","55,9121","35,6420","-1,8692","29,0754","-"
"MFP","MAQASİD GAYRİMENKUL VE GİRİŞİM SERMAYESİ PORTFÖY YÖNETİMİ A.Ş. FONPRİME GİRİŞİM SERMAYESİ YATIRIM FONU","-0,2299","-0,6294","-0,6285","-0,7779","-1,9586","-","-"
"ZG9","ROTA PORTFÖY YÖNETİMİ A.Ş. ARTAŞ GİRİŞİM SERMAYESİ YATIRIM FONU","-0,5147","-1,0275","0,0074","-1,2892","-2,1026","-","-"
"OG3","OMURGA GAYRİMENKUL VE GİRİŞİM SERMAYESİ PORTFÖY YÖNETİMİ A.Ş. TEKNOLOJİ GİRİŞİM SERMAYESİ YATIRIM FONU","0,0639","1,3831","-1,3293","1,5408","-2,5798","84,2868","-"
"BSU","İNTEGRAL GİRİŞİM SERMAYESİ PORTFÖY YÖNETİMİ A.Ş. BİSU GİRİŞİM SERMAYESİ YATIRIM FONU","-0,2371","-0,9978","-1,7239","-1,2766","-2,8953","-","-"
"ODZ","OYAK PORTFÖY YÖNETİMİ A.Ş. DOKUZUNCU GİRİŞİM SERMAYESİ YATIRIM FONU","-0,1828","-0,5247","25,4187","-0,6368","-2,9289","-","-"
"NH1","NEO PORTFÖY YÖNETİMİ A.Ş NEO TECH VENTURES GİRİŞİM SERMAYESİ YATIRIM FONU","-0,2371","-0,9626","-0,4644","-1,2178","-3,5450","-","-"
"RP6","RE-PIE PORTFÖY YÖNETİMİ A.Ş. GETİR GİRİŞİM SERMAYESİ YATIRIM FONU","1,2980","0,8244","-4,8783","0,5207","-3,7946","-47,1004","429,9746"
"SHG","AK PORTFÖY YÖNETİMİ A.Ş.SABANCI HOLDİNG ÖZEL GİRİŞİM SERMAYESİ YATIRIM FONU","0,8213","5,9186","-6,8370","6,8808","-4,4452","339,2685","-"
"REG","RE-PIE PORTFÖY YÖNETİMİ A.Ş. PAYPORTER GİRİŞİM SERMAYESİ YATIRIM FONU","0,8436","5,3152","21,6258","8,0699","-8,7704","-","-"
"UJG","ÜNLÜ PORTFÖY YÖNETİMİ A.Ş.BİRİNCİ GİRİŞİM SERMAYESİ YATIRIM FONU","6,4924","17,6040","-16,8151","18,2699","-12,1847","119,5263","-"
"FZS","İSTANBUL PORTFÖY YÖNETİMİ A.Ş. TARIM HAYVANCILIK VE TEKNOLOJİ GİRİŞİM SERMAYESİ YATIRIM FONU","0,3458","6,0417","10,4871","6,6846","-13,7282","-98,0667","-"
"NCI","PARDUS PORTFÖY YÖNETİMİ A.Ş. İKİNCİ GİRİŞİM SERMAYESİ YATIRIM FONU","4,7200","-0,3300","11,8582","4,5271","-13,7747","-","-"
"PG9","ALBARAKA PORTFÖY YÖNETİMİ A.Ş. YILDIZ VENTURES GİRİŞİM SERMAYESİ YATIRIM FONU","2,5517","7,8112","-26,0110","9,4351","-14,0370","-","-"
"IQI","QİNVEST PORTFÖY YÖNETİMİ A.Ş. MACELLAN İLERİ TEKNOLOJİ GİRİŞİM SERMAYESİ YATIRIM FONU","0,0951","0,9820","-14,8072","1,0489","-14,7565","-","-"
"AG9","ALBARAKA PORTFÖY YÖNETİMİ A.Ş. CONTRA TEKNOLOJİ GİRİŞİM SERMAYESİ YATIRIM FONU","0,0989","0,4064","-14,8772","0,5629","-14,7754","-1,8372","-"
"RDG","RE-PIE PORTFÖY YÖNETİM A.Ş . EMBEDDED GİRİŞİM SERMAYESİ YATIRIM FONU","-4,1565","-5,2425","-2,0509","-5,6394","-18,1014","-","-"
"ABH","PARDUS PORTFÖY YÖNETİMİ A.Ş. PARDUS TEKNOLOJİ GİRİŞİM SERMAYESİ YATIRIM FONU","16,6245","2,5945","34,5603","1,7287","-21,2133","-","-"
"NPA","NUROL PORTFÖY YÖNETİMİ A.Ş. BİRİNCİ GİRİŞİM SERMAYESİ YATIRIM FONU","3,5100","10,9267","-31,9042","13,8720","-23,8086","139,1915","-"
"MYT","MAQASİD GAYRİMENKUL VE GİRİŞİM SERMAYESİ PORTFÖY YÖNETİMİ A.Ş. YENİLİKÇİ TEKNOLOJİLER GİRİŞİM SERMAYESİ YATIRIM FONU","-0,2706","-0,7303","-22,2282","-0,9009","-24,0111","-","-"
"RR7","RE- PIE PORTFÖY YÖNETİMİ A.Ş. FİBABANKA YILDIZ GİRİŞİM SERMAYESİ YATIRIM FONU","0,6259","-7,8140","-22,9215","-8,1775","-24,2789","-4,3372","-"
"NYG","NEO PORTFÖY YÖNETİMİ A.Ş. ÜÇÜNCÜ GİRİŞİM SERMAYESİ YATIRIM FONU","1,0876","5,8867","20,2133","9,3400","-27,3140","28,9953","-"
"MSS","MAQASİD GAYRİMENKUL VE GİRİŞİM SERMAYESİ PORTFÖY YÖNETİMİ A.Ş.TRAKYA GİRİŞİM SERMAYESİ YATIRIM FONU","1,7572","6,8707","-2,8510","8,8304","-27,6006","-","-"
"AR6","ARZ GAYRİMENKUL VE GİRİŞİM SERMAYESİ PORTFÖY YÖNETİMİ A.Ş. ALTINCI GİRİŞİM SERMAYESİ YATIRIM FONU","0,7696","2,0901","-32,4910","6,3395","-32,4336","43.683,9023","-"
"HPG","HEDEF PORTFÖY YÖNETİMİ A.Ş. VARLIK GİRİŞİM SERMAYESİ YATIRIM FONU","7,0892","-3,8824","-4,4508","-12,3439","-32,4508","-","-"
"AZ4","ARZ GAYRİMENKUL VE GİRİŞİM SERMAYESİ PORTFÖY YÖNETİMİ A.Ş. İKİNCİ GİRİŞİM SERMAYESİ YATIRIM FONU","17,6633","-1,1593","11,9040","1,8884","-32,6987","833,5577","1.351,8178"
"YD9","24 GAYRİMENKUL VE GİRİŞİM SERMAYESİ PORTFÖY YÖNETİMİ A.Ş. AVALON GİRİŞİM SERMAYESİ YATIRIM FONU","-0,2736","-0,7066","-34,2320","-0,8475","-35,0367","5,0305","-"
"YRT","İSTANBUL PORTFÖY YÖNETİMİ A.Ş.YARININ TEKNOLOJİSİ GİRİŞİM SERMAYESİ YATIRIM FONU","0,5058","6,1460","-39,5856","9,7667","-36,8074","-","-"
"IJG","AK PORTFÖY YÖNETİMİ A.Ş. JEC YENİLENEBİLİR ENERJİ ÖZEL GİRİŞİM SERMAYESİ YATIRIM FONU","0,1909","-3,5494","-39,7185","-3,2168","-37,9427","29,2734","105,2198"
"ZPS","AZİMUT PORTFÖY YÖNETİMİ A.Ş. SİNEMA TV GİRİŞİM SERMAYESİ YATIRIM FONU","16,0501","-49,8039","-49,4270","-49,3950","-52,6841","-99,5634","-"
"PRO","ROTA PORTFÖY YÖNETİMİ A.Ş. PROPTECH GİRİŞİM SERMAYESİ YATIRIM FONU","2,1707","8,4231","-3,7004","11,6158","-56,6211","-","-"
"NYC","NEO PORTFÖY YÖNETİMİ A.Ş. FİLM ENDÜSTRİSİ GİRİŞİM SERMAYESİ YATIRIM FONU","-12,5517","-44,0094","-62,2110","-58,3504","-57,9907","-","-"
"ITF","İSTANBUL PORTFÖY YÖNETİMİ A.Ş. DİJİTAL TEKNOLOJİ GİRİŞİM SERMAYESİ YATIRIM FON","46,4549","421,6758","-64,6444","426,5557","-63,0362","-92,7110","-"
"REM","RE-PIE PORTFÖY YÖNETİMİ A.Ş. SİBER GÜVENLİK GİRİŞİM SERMAYESİ YATIRIM FONU","-14,1362","-18,2540","-70,1389","-10,0196","-70,6893","-","-"
"MGG","MAQASİD GAYRİMENKUL VE GİRİŞİM SERMAYESİ PORTFÖY YÖNETİMİ A.Ş FİNANSAL TEKNOLOJİLER GİRİŞİM SERMAYESİ YATIRIM FONU","-2,1044","-3,2820","-92,3578","-2,5947","-92,5708","-","-"
"GG3","FONERİA PORTFÖY YÖNETİMİ A.Ş. BEŞİNCİ GİRİŞİM SERMAYESİ YATIRIM FONU","-13,3649","146,6937","-63,5475","-36,6542","-95,1878","-","-"
"DDN","AK PORTFÖY YÖNETİMİ A.Ş. DÖRDÜNCÜ GİRİŞİM SERMAYESİ YATIRIM FONU","4,6279","11,4465","-","14,5375","-","-","-"
"JST","AK PORTFÖY YÖNETİMİ A.Ş. J-START ÖZEL GİRİŞİM SERMAYESİ YATIRIM FONU","0,9174","4,6555","-","-","-","-","-"
"LTI","AKTİF PORTFÖY YÖNETİMİ A.Ş. ALTINCI GİRİŞİM SERMAYESİ YATIRIM FONU","2,5591","-","-","-","-","-","-"
"PLY","AKTİF PORTFÖY YÖNETİMİ A.Ş. PLAYGATE GİRİŞİM SERMAYESİ YATIRIM FONU","1,6046","4,3026","-","6,6623","-","-","-"
"SGS","AKTİF PORTFÖY YÖNETİMİ A.Ş. SEKİZİNCİ GİRİŞİM SERMAYESİ YATIRIM FONU","-","-","-","-","-","-","-"
"VNE","ALBARAKA PORTFÖY YÖNETİMİ A.Ş. AVANE GİRİŞİM SERMAYESİ YATIRIM FONU","-3,8247","-3,0099","-10,2822","-2,3274","-","-","-"
"BKI","ALBARAKA PORTFÖY YÖNETİMİ A.Ş. BEŞİNCİ KARMA GİRİŞİM SERMAYESİ YATIRIM FONU","1,9501","9,3382","22,5274","12,3086","-","-","-"
"BTH","ALBARAKA PORTFÖY YÖNETİMİ A.Ş. BTD HOTELS GİRİŞİM SERMAYESİ YATIRIM FONU","0,6791","-","-","-","-","-","-"
"AL8","ALBARAKA PORTFÖY YÖNETİMİ A.Ş. CAPİTAL INVEST GİRİŞİM SERMAYESİ YATIRIM FONU","-8,2218","-7,4945","-8,8660","-11,6596","-","-","-"
"DKI","ALBARAKA PORTFÖY YÖNETİMİ A.Ş. DÖRDÜNCÜ KARMA GİRİŞİM SERMAYESİ YATIRIM FONU","-0,2352","-0,2452","5.537,4795","-0,2047","-","-","-"
"YNT","ALBARAKA PORTFÖY YÖNETİMİ A.Ş. YENİ NESİL TEKNOLOJİ GİRİŞİM SERMAYESİ YATIRIM FONU","2,3917","8,6786","-","14,1939","-","-","-"
"BSY","ALLBATROSS PORTFÖY YÖNETİMİ A.Ş. BEŞİNCİ GİRİŞİM SERMAYESİ YATIRIM FONU","20,2379","9,9776","-","8,1661","-","-","-"
"DRG","ALLBATROSS PORTFÖY YÖNETİMİ A.Ş. DÖRDÜNCÜ GİRİŞİM SERMAYESİ YATIRIM FONU","3,2169","9,2764","-","11,9098","-","-","-"
"ELI","ALLBATROSS PORTFÖY YÖNETİMİ A.Ş. ELİT GİRİŞİM SERMAYESİ YATIRIM FONU","3,0187","-","-","-","-","-","-"
"LLU","ALLBATROSS PORTFÖY YÖNETİMİ A.Ş.ÜÇÜNCÜ GİRİŞİM SERMAYESİ YATIRIM FONU","13,5904","19,2839","38,7929","21,7840","-","-","-"
"OBG","ARZ GAYRİMENKUL VE GİRİŞİM SERMAYESİ PORTFÖY YÖNETİMİ A.Ş. ONBEŞİNCİ GİRİŞİM SERMAYESİ YATIRIM FONU","-","-","-","-","-","-","-"
"ON1","ARZ GAYRİMENKUL VE GİRİŞİM SERMAYESİ PORTFÖY YÖNETİMİ A.Ş. ONBİRİNCİ GİRİŞİM SERMAYESİ YATIRIM FONU","-0,1434","-0,5623","866,1658","-0,5473","-","-","-"
"ON4","ARZ GAYRİMENKUL VE GİRİŞİM SERMAYESİ PORTFÖY YÖNETİMİ A.Ş. ONDÖRDÜNCÜ GİRİŞİM SERMAYESİ YATIRIM FONU","-","-","-","-","-","-","-"
"ON2","ARZ GAYRİMENKUL VE GİRİŞİM SERMAYESİ PORTFÖY YÖNETİMİ A.Ş. ONİKİNCİ GİRİŞİM SERMAYESİ YATIRIM FONU","-0,1231","0,5841","28,0888","0,3919","-","-","-"
"ON0","ARZ GAYRİMENKUL VE GİRİŞİM SERMAYESİ PORTFÖY YÖNETİMİ A.Ş. ONUNCU GİRİŞİM SERMAYESİ YATIRIM FONU","-0,3132","-","-","-","-","-","-"
"ONA","ARZ GAYRİMENKUL VE GİRİŞİM SERMAYESİ PORTFÖY YÖNETİMİ A.Ş. ONÜÇÜNCÜ GİRİŞİM SERMAYESİ YATIRIM FONU","-0,1938","-0,6174","-","-0,5055","-","-","-"
"ZG8","ARZ GAYRİMENKUL VE GİRİŞİM SERMAYESİ PORTFÖY YÖNETİMİ A.Ş. SEKİZİNCİ GİRİŞİM SERMAYESİ YATIRIM FONU","-0,1752","-","-","-","-","-","-"
"PLI","ARZ GAYRİMENKUL VE GİRİŞİM SERMAYESİ PORTFÖY YÖNETİMİ A.Ş. UPILY VENTURES GİRİŞİM SERMAYESİ YATIRIM FONU","0,4848","0,7822","7,4724","0,7783","-","-","-"
"BCG","ATA PORTFÖY YÖNETİMİ A.Ş. BİRİNCİ GİRİŞİM SERMAYESİ YATIRIM FONU","-","-","-","-","-","-","-"
"BRI","ATLAS PORTFÖY YÖNETİMİ A.Ş. AVRUPA YATIRIM GİRİŞİM SERMAYESİ YATIRIM FONU","-0,2236","-0,9650","6,3469","-1,1009","-","-","-"
"ABW","AZİMUT PORTFÖY YÖNETİM A.Ş. BLUE WORLD GİRİŞİM SERMAYESİ FONU","-","-","-","-","-","-","-"
"COS","AZİMUT PORTFÖY YÖNETİMİ A.Ş. COSMOS GİRİŞİM SERMAYESİ YATIRIM FONU","-","-","-","-","-","-","-"
"CGS","AZİMUT PORTFÖY YÖNETİMİ A.Ş. ÇİLEK GİRİŞİM SERMAYESİ YATIRIM FONU","-5,7899","-","-","-","-","-","-"
"FTR","AZİMUT PORTFÖY YÖNETİMİ A.Ş. FUTURE CLİMATE GİRİŞİM SERMAYESİ YATIRIM FONU","-","-","-","-","-","-","-"
"GRG","AZİMUT PORTFÖY YÖNETİMİ A.Ş. GREEN CODE GİRİŞİM SERMAYESİ YATIRIM FONU","-","-","-","-","-","-","-"
"ITY","AZİMUT PORTFÖY YÖNETİMİ A.Ş. İLERİ TEKNOLOJİLER VE YAPAY ZEKA GİRİŞİM SERMAYESİ YATIRIM FONU","2,7969","9,0907","-","12,2611","-","-","-"
"POV","AZİMUT PORTFÖY YÖNETİMİ A.Ş. POWER UP GİRİŞİM SERMAYESİ YATIRIM FONU","-","-","-","-","-","-","-"
"TTJ","AZİMUT PORTFÖY YÖNETİMİ A.Ş. TATİL SEPETİ 2 GİRİŞİM SERMAYESİ YATIRIM FONU","-","-","-","-","-","-","-"
"DGT","BV PORTFÖY YÖNETİMİ A.Ş. DIGITAL LEAP GİRİŞİM SERMAYESİ YATIRIM FONU","-","-","-","-","-","-","-"
"FAR","BV PORTFÖY YÖNETİMİ A.Ş. FARKLABS ELEKTRİFİKASYON PRE-IPO GİRİŞİM SERMAYESİ YATIRIM FONU","-","-","-","-","-","-","-"
"SOF","BV PORTFÖY YÖNETİMİ A.Ş. İSTANBUL SANAYİ ODASI GİRİŞİM SERMAYESİ YATIRIM FONU","2,1897","5,2867","-","6,0573","-","-","-"
"BVS","BV PORTFÖY YÖNETİMİ A.Ş. LT PRE-IPO GİRİŞİM SERMAYESİ YATIRIM FONU","1,6727","6,1450","12,8916","7,6881","-","-","-"
"BSS","BV PORTFÖY YÖNETİMİ A.Ş. SEED-B GİRİŞİM SERMAYESİ YATIRIM FONU","-","-","-","-","-","-","-"
"BYL","BV PORTFÖY YÖNETİMİ A.Ş. YILDIZ TECHNO GİRİŞİM SERMAYESİ YATIRIM FONU","16,5384","-","-","-","-","-","-"
"DGY","DENİZ PORTFÖY YÖNETİMİ A.Ş. AL GİRİŞİM SERMAYESİ YATIRIM FONU","3,7335","10,8594","-","14,1701","-","-","-"
"EUG","DENİZ PORTFÖY YÖNETİMİ A.Ş. EUROİNVEST GREEN ENERGY GİRİŞİM SERMAYESİ YATIRIM FONU","1,9536","-","-","-","-","-","-"
"DOT","DENİZ PORTFÖY YÖNETİMİ A.Ş. OXTECH SÜRDÜRÜLEBİLİR TEKNOLOJİ YATIRIMLARI GİRİŞİM SERMAYESİ YATIRIM FONU","-0,2626","-","-","-","-","-","-"
"FBM","FİBA PORTFÖY YÖNETİMİ A.Ş. FİBA BÜYÜME GİRİŞİM SERMAYESİ YATIRIM FONU","1,4250","4,0065","11,9746","5,0599","-","-","-"
"FPJ","FİBA PORTFÖY YÖNETİMİ A.Ş. İKİNCİ GİRİŞİM SERMAYESİ YATIRIM FONU","0,1915","2,4289","8,8435","2,7983","-","-","-"
"FOD","FİBA PORTFÖY YÖNETİMİ A.Ş. ODAK GİRİŞİM SERMAYESİ YATIRIM FONU","3,2973","6,6062","18,0543","9,2438","-","-","-"
"FUG","FİBA PORTFÖY YÖNETİMİ A.Ş. ÜÇÜNCÜ GİRİŞİM SERMAYESİ YATIRIM FONU","2,8326","3,4602","12,8009","5,6429","-","-","-"
"FLT","FONERİA PORTFÖY YÖNETİMİ A.Ş. ALTINCI GİRİŞİM SERMAYESİ YATIRIM FONU","-","-","-","-","-","-","-"
"GG4","FONERİA PORTFÖY YÖNETİMİ A.Ş. DÖRDÜNCÜ GİRİŞİM SERMAYESİ YATIRIM FONU","2,3624","8,0373","-","7,1819","-","-","-"
"FNG","FONEVA PORTFÖY YÖNETİMİ A.Ş. BİRİNCİ GİRİŞİM SERMAYESİ YATIRIM FONU","18,1490","8,3640","43,9965","10,6184","-","-","-"
"FDS","FONEVA PORTFÖY YÖNETİMİ A.Ş. DÖRDÜNCÜ GİRİŞİM SERMAYESİ YATIRIM FONU","-","-","-","-","-","-","-"
"FUI","FONEVA PORTFÖY YÖNETİMİ A.Ş. ÜÇÜNCÜ GİRİŞİM SERMAYESİ YATIRIM FONU","-","-","-","-","-","-","-"
"FGB","FT GAYRİMENKUL VE GİRİŞİM SERMAYESİ PORTFÖY YÖNETİMİ A.Ş. BİRİNCİ GİRİŞİM SERMAYESİ YATIRIM FONU","-","-","83.877,5517","-","-","-","-"
"GCE","GLOBAL MD PORTFÖY YÖNETİMİ A.Ş. AKS GİRİŞİM SERMAYESİ YATIRIM FONU","-0,1811","-1,5855","112,4660","-1,2943","-","-","-"
"CLI","HEDEF PORTFÖY YÖNETİMİ A.Ş. CLIMATETECH GİRİŞİM SERMAYESİ YATIRIM FONU","11,0009","-6,1065","27,1250","15,9503","-","-","-"
"HEY","HEDEF PORTFÖY YÖNETİMİ A.Ş. EFOR GİRİŞİM SERMAYESİ YATIRIM FONU","-1,7581","-7,7297","-21,7785","-8,0790","-","-","-"
"HEO","HEDEF PORTFÖY YÖNETİMİ A.Ş. EKİN GİRİŞİM SERMAYESİ YATIRIM FONU","0,1791","1,1790","-","1,8767","-","-","-"
"HFD","HEDEF PORTFÖY YÖNETİMİ A.Ş. FİDAN GİRİŞİM SERMAYESİ YATIRIM FONU","-0,1943","-0,5841","42,4986","-0,0119","-","-","-"
"HFG","HEDEF PORTFÖY YÖNETİMİ A.Ş. FİLİZ GİRİŞİM SERMAYESİ YATIRIM FONU","-0,0137","-0,0400","4,7157","-0,0351","-","-","-"
"HFN","HEDEF PORTFÖY YÖNETİMİ A.Ş. FİNDOOR GİRİŞİM SERMAYESİ YATIRIM FONU","1,4602","1,8289","7.806,3884","1,5831","-","-","-"
"HGL","HEDEF PORTFÖY YÖNETİMİ A.Ş. GLOBAL TRUST GİRİŞİM SERMAYESİ YATIRIM FONU","-0,1461","-1,0422","-1,5602","-1,2006","-","-","-"
"IVM","HEDEF PORTFÖY YÖNETİMİ A.Ş. İVME GİRİŞİM SERMAYESİ YATIRIM FONU","-","-","-","-","-","-","-"
"SOL","HEDEF PORTFÖY YÖNETİMİ A.Ş. SOLARİS GİRİŞİM SERMAYESİ YATIRIM FONU","11,0012","-6,1055","27,1264","15,9516","-","-","-"
"HVE","HEDEF PORTFÖY YÖNETİMİ A.Ş. VERİM GİRİŞİM SERMAYESİ YATIRIM FONU","-","-","-","-","-","-","-"
"HYG","HEDEF PORTFÖY YÖNETİMİ A.Ş. YONCA GİRİŞİM SERMAYESİ YATIRIM FONU","0,8312","-","-","-","-","-","-"
"IEO","INVEO PORTFÖY YÖNETİMİ A.Ş. AVEON GLOBAL SİGORTA ÖZEL GİRİŞİM SERMAYESİ YATIRIM FONU","-","-","-","-","-","-","-"
"IRH","INVEO PORTFÖY YÖNETİMİ A.Ş. BİRİNCİ KARMA GİRİŞİM SERMAYESİ YATIRIM FONU","-","-","-","-","-","-","-"
"IKJ","INVEO PORTFÖY YÖNETİMİ A.Ş. EKOLOJİK YATIRIMLAR GİRİŞİM SERMAYESİ YATIRIM FONU","1,9583","7,1339","-","9,1369","-","-","-"
"VNT","INVEO PORTFÖY YÖNETİMİ A.Ş. INVEO VENTURES GİRİŞİM SERMAYESİ YATIRIM FONU","-","-","-","-","-","-","-"
"IFT","INVEO PORTFÖY YÖNETİMİ A.Ş. ÜÇÜNCÜ FINTECH GİRİŞİM SERMAYESİ YATIRIM FONU","-","-","-","-","-","-","-"
"IG1","İSRA GAYRİMENKUL VE GİRİŞİM SERMAYESİ PORTFÖY YÖNETİMİ A.Ş BİRİNCİ GİRİŞİM SERMAYESİ YATIRIM FONU","-4,1635","-2,7546","-","0,1612","-","-","-"
"IG2","İSRA GAYRİMENKUL VE GİRİŞİM SERMAYESİ PORTFÖY YÖNETİMİ A.Ş İKİNCİ GİRİŞİM SERMAYESİ YATIRIM FONU","-","-","-","-","-","-","-"
"CNT","İSTANBUL PORTFÖY YÖNETİMİ A.Ş. CONTENT CAPİTAL VENTURES GİRİŞİM SERMAYESİ YATIRIM FONU","-","-","-","-","-","-","-"
"LJS","İSTANBUL PORTFÖY YÖNETİMİ A.Ş. DİNÇER LOJİSTİK GİRİŞİM SERMAYESİ YATIRIM FONU","-","-","-","-","-","-","-"
"ITN","İSTANBUL PORTFÖY YÖNETİMİ A.Ş. KARMA TEKNOLOJİ GİRİŞİM SERMAYESİ YATIRIM FONU","3,4664","10,4524","-","13,8169","-","-","-"
"MFS","İSTANBUL PORTFÖY YÖNETİMİ A.Ş. METİS FON SEPETİ GİRİŞİM SERMAYESİ YATIRIM FONU","-","-","-","-","-","-","-"
"IMR","İSTANBUL PORTFÖY YÖNETİMİ A.Ş. MYPROJECT GİRİŞİM SERMAYESİ YATIRIM FONU","-2,4196","-","-","-","-","-","-"
"NKG","İSTANBUL PORTFÖY YÖNETİMİ A.Ş. NAKKAŞ ALTYAPI GİRİŞİM SERMAYESİ YATIRIM FONU","6,3439","19,9421","18,1960","21,9922","-","-","-"
"RKN","İSTANBUL PORTFÖY YÖNETİMİ A.Ş. REPKON VENTURES GİRİŞİM SERMAYESİ YATIRIM FONU","-","-","-","-","-","-","-"
"SVT","İSTANBUL PORTFÖY YÖNETİMİ A.Ş. SAĞLIK VE TARIM GİRİŞİM SERMAYESİ YATIRIM FONU","-","-","-","-","-","-","-"
"STC","İSTANBUL PORTFÖY YÖNETİMİ A.Ş. SÜRDÜRÜLEBİLİR TEKNOLOJİ YATIRIMLARI GİRİŞİM SERMAYESİ YATIRIM FONU","-","-","-","-","-","-","-"
"VNR","İSTANBUL PORTFÖY YÖNETİMİ A.Ş. VANORA GİRİŞİM SERMAYESİ YATIRIM FONU","-","-","-","-","-","-","-"
"CPL","İSTANBUL PORTFÖY YÖNETİMİ A.Ş. XCAPİTAL GİRİŞİM SERMAYESİ YATIRIM FONU","0,5802","6,6763","122,1260","7,4891","-","-","-"
"RAR","İŞ PORTFÖY YÖNETİMİ A.Ş. ARAR ENERJİ GİRİŞİM SERMAYESİ YATIRIM FONU","-","-","-","-","-","-","-"
"DJE","İŞ PORTFÖY YÖNETİMİ A.Ş. İKİNCİ DİJİTAL TEKNOLOJİLER GİRİŞİM SERMAYESİ YATIRIM FONU","-","-","-","-","-","-","-"
"RVT","İŞ PORTFÖY YÖNETİMİ A.Ş. RESTORAN VE TURİZM GİRİŞİM SERMAYESİ YATIRIM FONU","-","-","-","-","-","-","-"
"STU","İŞ PORTFÖY YÖNETİMİ A.Ş. WEBRAZZİ STARTUP-1 GİRİŞİM SERMAYESİ YATIRIM FONU","-","-","-","-","-","-","-"
"BGG","KALKINMA GİRİŞİM SERMAYESİ PORTFÖY YÖNETİMİ A.Ş. TÜBİTAK BİGG+ GİRİŞİM SERMAYESİ YATIRIM FONU","-4,1293","0,8130","-","0,9881","-","-","-"
"KBI","KIZILAY GAYRİMENKUL VE GİRİŞİM SERMAYESİ PORTFÖY YÖNETİMİ A.Ş. BİYOTEKNOLOJİ VE SAĞLIK GİRİŞİM SERMAYESİ YATIRIM FONU","0,8463","6,8793","18,9857","9,6766","-","-","-"
"KNU","KIZILAY GAYRİMENKUL VE GİRİŞİM SERMAYESİ PORTFÖY YÖNETİMİ A.Ş. ÜÇÜNCÜ GİRİŞİM SERMAYESİ YATIRIM FONU","1,4898","6,1415","-","8,6693","-","-","-"
"KRL","KUVEYT TÜRK PORTFÖY YÖNETİMİ A.Ş. KİRA SERTİFİKALARI GİRİŞİM SERMAYESİ YATIRIM FONU","2,9547","-","-","-","-","-","-"
"KLC","KUVEYT TÜRK PORTFÖY YÖNETİMİ A.Ş. LONCA HIZLANDIRMA GİRİŞİM SERMAYESİ YATIRIM FONU","-","-","-","-","-","-","-"
"LTO","LETVEN CAPİTAL GİRİŞİM SERMAYESİ PORTFÖY YÖNETİMİ A.Ş. SOFA GİRİŞİM SERMAYESİ YATIRIM FONU","-0,0003","-0,0342","7,6888","1,2655","-","-","-"
"LTT","LETVEN CAPİTAL GİRİŞİM SERMAYESİ PORTFÖY YÖNETİMİ A.Ş. TİMUS GİRİŞİM SERMAYESİ YATIRIM FONU","-0,0058","-0,0395","7,6831","1,2602","-","-","-"
"MYF","MAXİS GİRİŞİM SERMAYESİ PORTFÖY YÖNETİMİ A.Ş. TÜRKİYE YEŞİL FİNANS PROJESİ GİRİŞİM SERMAYESİ YATIRIM FONU","3,1533","10,0771","-","13,0145","-","-","-"
"NLT","NEO PORTFÖY YÖNETİMİ A.Ş. ALTINCI GİRİŞİM SERMAYESİ YATIRIM FONU","-","-","-","-","-","-","-"
"NCH","NEO PORTFÖY YÖNETİMİ A.Ş. CHARGEX GİRİŞİM SERMAYESİ YATIRIM FONU","-","-","-","-","-","-","-"
"NCL","NEO PORTFÖY YÖNETİMİ A.Ş. CLEANTECH GİRİŞİM SERMAYESİ YATIRIM FONU","2,3506","5,1067","-","7,2602","-","-","-"
"NIN","NEO PORTFÖY YÖNETİMİ A.Ş. CO-INVESTMENT 2 GİRİŞİM SERMAYESİ YATIRIM FONU","0,8145","2,7498","8,7160","3,5393","-","-","-"
"NP9","NEO PORTFÖY YÖNETİMİ A.Ş. DOKUZUNCU GİRİŞİM SERMAYESİ YATIRIM FONU","0,4025","-","-","-","-","-","-"
"NIH","NEO PORTFÖY YÖNETİMİ A.Ş. İSTANBUL HOLDİNG GİRİŞİM SERMAYESİ YATIRIM FONU","0,4435","-","-","-","-","-","-"
"NP8","NEO PORTFÖY YÖNETİMİ A.Ş. SEKİZİNCİ GİRİŞİM SERMAYESİ YATIRIM FONU","0,7219","5,7205","-","7,8116","-","-","-"
"NSI","NEO PORTFÖY YÖNETİMİ A.Ş. SİMYA 2 GİRİŞİM SERMAYESİ YATIRIM FONU","2,1347","8,3400","13,5869","10,5434","-","-","-"
"NVA","NEO PORTFÖY YÖNETİMİ A.Ş. VBT YAZILIM GİRİŞİM SERMAYESİ YATIRIM FONU","0,0279","-1,4187","43,7807","-2,0050","-","-","-"
"NP7","NEO PORTFÖY YÖNETİMİ A.Ş. YEDİNCİ GİRİŞİM SERMAYESİ YATIRIM FONU","3,6406","10,5966","-","13,7547","-","-","-"
"NPS","NEO PORTFÖY YÖNETİMİ A.Ş. YENİLİKÇİ SAĞLIK TEKNOLOJİLERİ GİRİŞİM SERMAYESİ YATIRIM FONU","2,1199","4,5650","-","4,6293","-","-","-"
"NLA","NUROL PORTFÖY YÖNETİMİ A.Ş. ALTINCI GİRİŞİM SERMAYESİ YATIRIM FONU","3,9251","-","-","-","-","-","-"
"NDG","NUROL PORTFÖY YÖNETİMİ A.Ş. APRİL MEDYA GİRİŞİM SERMAYESİ YATIRIM FONU","0,2642","0,4415","1,0458","0,6346","-","-99,8953","-"
"NLB","NUROL PORTFÖY YÖNETİMİ A.Ş. BEŞİNCİ GİRİŞİM SERMAYESİ YATIRIM FONU","-","-","-","-","-","-","-"
"NCG","NUROL PORTFÖY YÖNETİMİ A.Ş. CARACAL GİRİŞİM SERMAYESİ YATIRIM FONU","-0,0802","-0,2431","177,5807","-0,0779","-","-","-"
"NCP","NUROL PORTFÖY YÖNETİMİ A.Ş. İDACAPİTAL WORQCOMPANY GİRİŞİM SERMAYESİ YATIRIM FONU","2,2217","8,7840","-","11,9236","-","-","-"
"NUJ","NUROL PORTFÖY YÖNETİMİ A.Ş. JUNE GİRİŞİM SERMAYESİ YATIRIM FONU","5,7162","-","-","-","-","-","-"
"NSZ","NUROL PORTFÖY YÖNETİMİ A.Ş. SEKİZİNCİ GİRİŞİM SERMAYESİ YATIRIM FONU","-","-","-","-","-","-","-"
"NYE","NUROL PORTFÖY YÖNETİMİ A.Ş. YEDİNCİ GİRİŞİM SERMAYESİ YATIRIM FONU","-","-","-","-","-","-","-"
"CAP","OMURGA GAYRİMENKUL VE GİRİŞİM SERMAYESİ PORTFÖY YÖNETİMİ A.Ş. GAMECAPİTA GİRİŞİM SERMAYESİ YATIRIM FONU","-","-","-","-","-","-","-"
"OGS","OMURGA GAYRİMENKUL VE GİRİŞİM SERMAYESİ PORTFÖY YÖNETİMİ A.Ş.SABUNCU GİRİŞİM SERMAYESİ YATIRIM FONU","-","-","-","-","-","-","-"
"ODO","ORAGON GAYRİMENKUL VE GİRİŞİM SERMAYESİ PORTFÖY YÖNETİMİ A.Ş. AYDOS GİRİŞİM SERMAYESİ YATIRIM FONU","-","-","-","-","-","-","-"
"OFZ","ORAGON GAYRİMENKUL VE GİRİŞİM SERMAYESİ PORTFÖY YÖNETİMİ A.Ş. FEZA GİRİŞİM SERMAYESİ YATIRIM FONU","-","-","-","-","-","-","-"
"OGL","ORAGON GAYRİMENKUL VE GİRİŞİM SERMAYESİ PORTFÖY YÖNETİMİ A.Ş. GLOBAL-İST GİRİŞİM SERMAYESİ YATIRIM FONU","0,1136","6,1707","-","7,0784","-","-","-"
"ODT","OYAK PORTFÖY YÖNETİMİ A.Ş. ODTÜ TEKNOKENT ETKİ GİRİŞİM SERMAYESİ YATIRIM FONU","-","-","-","-","-","-","-"
"OON","OYAK PORTFÖY YÖNETİMİ A.Ş. ONUNCU GİRİŞİM SERMAYESİ YATIRIM FONU","-","-","-","-","-","-","-"
"PP5","PARDUS PORTFÖY YÖNETİMİ A.Ş. BEŞİNCİ GİRİŞİM SERMAYESİ YATIRIM FONU","9,5563","20,8685","246,9570","32,6789","-","-","-"
"PP4","PARDUS PORTFÖY YÖNETİMİ A.Ş. DÖRDÜNCÜ GİRİŞİM SERMAYESİ YATIRIM FONU","15,4155","0,7371","31,0479","-0,5139","-","-","-"
"PSK","PARDUS PORTFÖY YÖNETİMİ A.Ş. SEKİZİNCİ GİRİŞİM SERMAYESİ YATIRIM FONU","-","-","-","-","-","-","-"
"PYE","PARDUS PORTFÖY YÖNETİMİ A.Ş. YEDİNCİ GİRİŞİM SERMAYESİ YATIRIM FONU","3,0071","-","-","-","-","-","-"
"PIM","PİRAMİT PORTFÖY YÖNETİMİ A.Ş. İLAÇ VE KİMYA GİRİŞİM SERMAYESİ YATIRIM FONU","-0,4505","-1,5031","-","-1,8858","-","-","-"
"IVE","QİNVEST PORTFÖY YÖNETİMİ A.Ş. BİRİNCİ GİRİŞİM SERMAYESİ YATIRIM FONU","0,3408","4,9974","-","-","-","-","-"
"OIG","QİNVEST PORTFÖY YÖNETİMİ A.Ş. İKİNCİ GİRİŞİM SERMAYESİ YATIRIM FONU","-","-","-","-","-","-","-"
"PPC","QİNVEST PORTFÖY YÖNETİMİ A.Ş. PRAGMA CAPITAL PARTNERS İKİNCİ ENDÜSTRİYEL ŞİRKETLER GİRİŞİM SERMAYESİ YATIRIM FONU","-0,1936","0,5250","31,3798","0,0854","-","-","-"
"CPD","QİNVEST PORTFÖY YÖNETİMİ A.Ş. PRAGMA CAPİTAL PARTNERS DÖRDÜNCÜ ENDÜSTRİYEL ŞİRKETLER GİRİŞİM SERMAYESİ YATIRIM FONU","-","-","-","-","-","-","-"
"PCU","QİNVEST PORTFÖY YÖNETİMİ A.Ş. PRAGMA CAPİTAL PARTNERS ÜÇÜNCÜ ENDÜSTRİYEL ŞİRKETLER GİRİŞİM SERMAYESİ YATIRIM FONU","-0,2794","0,2970","36,2658","0,0865","-","-","-"
"ROA","RE-PIE PORTFÖY YÖNETİMİ A.Ş. BEŞİKTAŞ GİRİŞİM SERMAYESİ YATIRIM FONU","-0,0363","-0,0968","14,3059","-0,0604","-","-","-"
"RCT","RE-PIE PORTFÖY YÖNETİMİ A.Ş. CTRL PLUS VENTURES BİRİNCİ GİRİŞİM SERMAYESİ YATIRIM FONU","-","-","-","-","-","-","-"
"RER","RE-PIE PORTFÖY YÖNETİMİ A.Ş. ELEKTRİKLİ ARAÇLAR GİRİŞİM SERMAYESİ YATIRIM FONU","-0,0491","-0,3170","53.544,8021","-0,4781","-","-","-"
"LRN","RE-PIE PORTFÖY YÖNETİMİ A.Ş. LARİNDA SMART ENERGY TECHNOLOGY GİRİŞİM SERMAYESİ YATIRIM FONU","-0,0167","0,0967","1,8099","0,1424","-","-","-"
"RMT","RE-PIE PORTFÖY YÖNETİMİ A.Ş. METİS GİRİŞİM SERMAYESİ YATIRIM FONU","-","-","-","-","-","-","-"
"RLN","RE-PIE PORTFÖY YÖNETİMİ A.Ş. ONALTINCI KARMA GİRİŞİM SERMAYESİ YATIRIM FONU","-","-","-","-","-","-","-"
"RNB","RE-PIE PORTFÖY YÖNETİMİ A.Ş. ONBEŞİNCİ KARMA GİRİŞİM SERMAYESİ YATIRIM FONU","-","-","-","-","-","-","-"
"ROC","RE-PIE PORTFÖY YÖNETİMİ A.Ş. ONBİRİNCİ KARMA GİRİŞİM SERMAYESİ YATIRIM FONU","-1,3505","-1,3940","-","-1,4144","-","-","-"
"ROK","RE-PIE PORTFÖY YÖNETİMİ A.Ş. ONİKİNCİ KARMA GİRİŞİM SERMAYESİ YATIRIM FONU","2,4153","8,6785","-","11,7993","-","-","-"
"RVL","RE-PIE PORTFÖY YÖNETİMİ A.Ş. SPACE GİRİŞİM SERMAYESİ YATIRIM FONU","3,0390","8,6347","-","-","-","-","-"
"RSA","RE-PIE PORTFÖY YÖNETİMİ A.Ş. STAY GİRİŞİM SERMAYESİ YATIRIM FONU","-","-","-","-","-","-","-"
"RTS","RE-PIE PORTFÖY YÖNETİMİ A.Ş. TEKNUS GİRİŞİM SERMAYESİ YATIRIM FONU","-","-","-","-","-","-","-"
"BLY","ROTA PORTFÖY YÖNETİMİ A.Ş. BLUESKY YENİLENEBİLİR ENERJİ GİRİŞİM SERMAYESİ YATIRIM FONU","-","-","-","-","-","-","-"
"RCH","ROTA PORTFÖY YÖNETİMİ A.Ş. CONNECTED HEALTHCARE SOLUTİONS GİRİŞİM SERMAYESİ YATIRIM FONU","-","-","-","-","-","-","-"
"RET","ROTA PORTFÖY YÖNETİMİ A.Ş. E-TİCARET GİRİŞİM SERMAYESİ YATIRIM FONU","-","-","-","-","-","-","-"
"ETF","ROTA PORTFÖY YÖNETİMİ A.Ş. ETKİ GİRİŞİM SERMAYESİ YATIRIM FONU","-","-","-","-","-","-","-"
"FOK","ROTA PORTFÖY YÖNETİMİ A.Ş. FOKUS GİRİŞİM SERMAYESİ YATIRIM FONU","-","-","-","-","-","-","-"
"RGP","ROTA PORTFÖY YÖNETİMİ A.Ş. GLOBAL E-TİCARET VE PRE-IPO GİRİŞİM SERMAYESİ YATIRIM FONU","-","-","-","-","-","-","-"
"HIG","ROTA PORTFÖY YÖNETİMİ A.Ş. HIGHTECH GİRİŞİM SERMAYESİ YATIRIM FONU","-","-","-","-","-","-","-"
"RAZ","ROTA PORTFÖY YÖNETİMİ A.Ş. NARM GİRİŞİM SERMAYESİ YATIRIM FONU","-","-","-","-","-","-","-"
"RNR","ROTA PORTFÖY YÖNETİMİ A.Ş. NEW RISING VENTURES GİRİŞİM SERMAYESİ YATIRIM FONU","-","-","-","-","-","-","-"
"DSE","ROTA PORTFÖY YÖNETİMİ A.Ş. ODS GİRİŞİM SERMAYESİ YATIRIM FONU","-","-","-","-","-","-","-"
"SIM","ROTA PORTFÖY YÖNETİMİ A.Ş. SİMYA GİRİŞİM SERMAYESİ YATIRIM FONU","-","-","-","-","-","-","-"
"RSB","ROTA PORTFÖY YÖNETİMİ A.Ş. SİP&BİTE GİRİŞİM SERMAYESİ YATIRIM FONU","1,8869","-","-","-","-","-","-"
"GRN","ROTA PORTFÖY YÖNETİMİ A.Ş. TARIM TEKNOLOJİLERİ GİRİŞİM SERMAYESİ YATIRIM FONU","-0,0470","-0,1288","-","-0,1541","-","-","-"
"BRS","ROTA PORTFÖY YÖNETİMİ A.Ş. TEKNOSAB LOJİSTİK GİRİŞİM SERMAYESİ YATIRIM FONU","1,2972","2,5875","-","2,9520","-","-","-"
"RRG","ROTA PORTFÖY YÖNETİMİ A.Ş. UNIVOLT GİRİŞİM SERMAYESİ YATIRIM FONU","-0,0241","0,0030","691,9941","-0,0321","-","-","-"
"YSN","ROTA PORTFÖY YÖNETİMİ A.Ş. YEŞİL ENERJİ TEKNOLOJİLERİ GİRİŞİM SERMAYESİ YATIRIM FONU","-","-","-","-","-","-","-"
"BIF","TACİRLER PORTFÖY YÖNETİMİ A.Ş. BİRİNCİ GİRİŞİM SERMAYESİ YATIRIM FONU","-","-","-","-","-","-","-"
"FNA","TACİRLER PORTFÖY YÖNETİMİ A.Ş. FİNAI GİRİŞİM SERMAYESİ YATIRIM FONU","-","-","-","-","-","-","-"
"OSE","TACİRLER PORTFÖY YÖNETİMİ A.Ş. ÖZEL SERMAYE 1 GİRİŞİM SERMAYESİ YATIRIM FONU","21,0283","19,7776","17,4587","14,8818","-","-","-"
"BSI","TERA PORTFÖY YÖNETİMİ A.Ş. BRKT SİBER GÜVENLİK GİRİŞİM SERMAYESİ YATIRIM FONU","-","-","-","-","-","-","-"
"TG1","TRİVE PORTFÖY YÖNETİMİ A.Ş. TRİVE GİRİŞİM SERMAYESİ YATIRIM FONU","-","-","-","-","-","-","-"
"UNG","ÜNLÜ PORTFÖY YÖNETİMİ A.Ş. 212 GİRİŞİM SERMAYESİ YATIRIM FONU","6,2394","17,4538","-","18,1565","-","-","-"
"VBR","WAM GAYRİMENKUL VE GİRİŞİM SERMAYESİ PORTFÖY YÖNETİMİ A.Ş. BİRİNCİ GİRİŞİM SERMAYESİ YATIRIM FONU","-9,8645","-22,8833","-","-14,1510","-","-","-"
"VNG","WAM GAYRİMENKUL VE GİRİŞİM SERMAYESİ PORTFÖY YÖNETİMİ A.Ş. İKİNCİ GİRİŞİM SERMAYESİ YATIRIM FONU","-9,8652","-22,8848","-","-14,1429","-","-","-"
"YGN","YAPI KREDİ PORTFÖY YÖNETİMİ A.Ş. ENTERTECH BİRİNCİ GİRİŞİM SERMAYESİ YATIRIM FONU","2,1757","8,5510","-","10,9253","-","-","-"
"DRN","ZİRAAT PORTFÖY YÖNETİMİ A.Ş. DERİN TEKNOLOJİ GİRİŞİM SERMAYESİ YATIRIM FONU","0,7031","1,7161","-","2,2012","-","-","-"
"PLN","ZİRAAT PORTFÖY YÖNETİMİ A.Ş. PLAN S UYDU VE UZAY TEKNOLOJİLERİ GİRİŞİM SERMAYESİ YATIRIM FONU","-","-","-","-","-","-","-"
"ZUN","ZİRAAT PORTFÖY YÖNETİMİ A.Ş. ÜÇÜNCÜ GİRİŞİM SERMAYESİ YATIRIM FONU","3,5715","10,1577","20,8577","11,0129","-","-","-"
"ZTU","ZİRAAT PORTFÖY YÖNETİMİ A.Ş.TURNA ÖZEL GİRİŞİM SERMAYESİ YATIRIM FONU","3,3740","-","-","-","-","-","-"
"YP9","24 GAYRİMENKUL VE GİRİŞİM SERMAYESİ PORTFÖY YÖNETİMİ A.Ş. JÜPİTER GİRİŞİM SERMAYESİ YATIRIM FONU","-0,5867","0,6882","-","3,8985","-","-","-"
"YRN","24 GAYRİMENKUL VE GİRİŞİM SERMAYESİ PORTFÖY YÖNETİMİ A.Ş. URANUS GİRİŞİM SERMAYESİ YATIRIM FONU","0,4448","-","-","-","-","-","-"
"YG9","24 GAYRİMENKUL VE GİRİŞİM SERMAYESİ PORTFÖY YÖNETİMİ A.Ş. VEGA GİRİŞİM SERMAYESİ YATIRIM FONU","-","-","-","-","-","-","-"